angle,intensity
0.0,0.0
0.01,0.0
0.02,0.0
0.03,0.0
0.04,0.0
0.05,0.0
0.06,0.0
0.07,0.0
0.08,0.0
0.09,0.0
0.1,0.0
0.11,0.0
0.12,0.0
0.13,0.0
0.14,0.0
0.15,0.0
0.16,0.0
0.17,0.0
0.18,0.0
0.19,0.0
0.2,0.0
0.21,0.0
0.22,0.0
0.23,0.0
0.24,0.0
0.25,0.0
0.26,0.0
0.27,0.0
0.28,0.0
0.29,0.0
0.3,0.0
0.31,0.0
0.32,0.0
0.33,0.0
0.34,0.0
0.35,0.0
0.36,0.0
0.37,0.0
0.38,0.0
0.39,0.0
0.4,0.0
0.41,0.0
0.42,0.0
0.43,0.0
0.44,0.0
0.45,0.0
0.46,0.0
0.47,0.0
0.48,0.0
0.49,0.0
0.5,0.0
0.51,0.0
0.52,0.0
0.53,0.0
0.54,0.0
0.55,0.0
0.56,0.0
0.57,0.0
0.58,0.0
0.59,0.0
0.6,0.0
0.61,0.0
0.62,0.0
0.63,0.0
0.64,0.0
0.65,0.0
0.66,0.0
0.67,0.0
0.68,0.0
0.69,0.0
0.7,0.0
0.71,0.0
0.72,0.0
0.73,0.0
0.74,0.0
0.75,0.0
0.76,0.0
0.77,0.0
0.78,0.0
0.79,0.0
0.8,0.0
0.81,0.0
0.82,0.0
0.83,0.0
0.84,0.0
0.85,0.0
0.86,0.0
0.87,0.0
0.88,0.0
0.89,0.0
0.9,0.0
0.91,0.0
0.92,0.0
0.93,0.0
0.94,0.0
0.95,0.0
0.96,0.0
0.97,0.0
0.98,0.0
0.99,0.0
1.0,0.0
1.01,0.0
1.02,0.0
1.03,0.0
1.04,0.0
1.05,0.0
1.06,0.0
1.07,0.0
1.08,0.0
1.09,0.0
1.1,0.0
1.11,0.0
1.12,0.0
1.13,0.0
1.14,0.0
1.15,0.0
1.16,0.0
1.17,0.0
1.18,0.0
1.19,0.0
1.2,0.0
1.21,0.0
1.22,0.0
1.23,0.0
1.24,0.0
1.25,0.0
1.26,0.0
1.27,0.0
1.28,0.0
1.29,0.0
1.3,0.0
1.31,0.0
1.32,0.0
1.33,0.0
1.34,0.0
1.35,0.0
1.36,0.0
1.37,0.0
1.38,0.0
1.39,0.0
1.4,0.0
1.41,0.0
1.42,0.0
1.43,0.0
1.44,0.0
1.45,0.0
1.46,0.0
1.47,0.0
1.48,0.0
1.49,0.0
1.5,0.0
1.51,0.0
1.52,0.0
1.53,0.0
1.54,0.0
1.55,0.0
1.56,0.0
1.57,0.0
1.58,0.0
1.59,0.0
1.6,0.0
1.61,0.0
1.62,0.0
1.63,0.0
1.64,0.0
1.65,0.0
1.66,0.0
1.67,0.0
1.68,0.0
1.69,0.0
1.7,0.0
1.71,0.0
1.72,0.0
1.73,0.0
1.74,0.0
1.75,0.0
1.76,0.0
1.77,0.0
1.78,0.0
1.79,0.0
1.8,0.0
1.81,0.0
1.82,0.0
1.83,0.0
1.84,0.0
1.85,0.0
1.86,0.0
1.87,0.0
1.88,0.0
1.89,0.0
1.9,0.0
1.91,0.0
1.92,0.0
1.93,0.0
1.94,0.0
1.95,0.0
1.96,0.0
1.97,0.0
1.98,0.0
1.99,0.0
2.0,0.0
2.01,0.0
2.02,0.0
2.03,0.0
2.04,0.0
2.05,0.0
2.06,0.0
2.07,0.0
2.08,0.0
2.09,0.0
2.1,0.0
2.11,0.0
2.12,0.0
2.13,0.0
2.14,0.0
2.15,0.0
2.16,0.0
2.17,0.0
2.18,0.0
2.19,0.0
2.2,0.0
2.21,0.0
2.22,0.0
2.23,0.0
2.24,0.0
2.25,0.0
2.26,0.0
2.27,0.0
2.28,0.0
2.29,0.0
2.3,0.0
2.31,0.0
2.32,0.0
2.33,0.0
2.34,0.0
2.35,0.0
2.36,0.0
2.37,0.0
2.38,0.0
2.39,0.0
2.4,0.0
2.41,0.0
2.42,0.0
2.43,0.0
2.44,0.0
2.45,0.0
2.46,0.0
2.47,0.0
2.48,0.0
2.49,0.0
2.5,0.0
2.51,0.0
2.52,0.0
2.53,0.0
2.54,0.0
2.55,0.0
2.56,0.0
2.57,0.0
2.58,0.0
2.59,0.0
2.6,0.0
2.61,0.0
2.62,0.0
2.63,0.0
2.64,0.0
2.65,0.0
2.66,0.0
2.67,0.0
2.68,0.0
2.69,0.0
2.7,0.0
2.71,0.0
2.72,0.0
2.73,0.0
2.74,0.0
2.75,0.0
2.76,0.0
2.77,0.0
2.78,0.0
2.79,0.0
2.8,0.0
2.81,0.0
2.82,0.0
2.83,0.0
2.84,0.0
2.85,0.0
2.86,0.0
2.87,0.0
2.88,0.0
2.89,0.0
2.9,0.0
2.91,0.0
2.92,0.0
2.93,0.0
2.94,0.0
2.95,0.0
2.96,0.0
2.97,0.0
2.98,0.0
2.99,0.0
3.0,0.0
3.01,0.0
3.02,0.0
3.03,0.0
3.04,0.0
3.05,0.0
3.06,0.0
3.07,0.0
3.08,0.0
3.09,0.0
3.1,0.0
3.11,0.0
3.12,0.0
3.13,0.0
3.14,0.0
3.15,0.0
3.16,0.0
3.17,0.0
3.18,0.0
3.19,0.0
3.2,0.0
3.21,0.0
3.22,0.0
3.23,0.0
3.24,0.0
3.25,0.0
3.26,0.0
3.27,0.0
3.28,0.0
3.29,0.0
3.3,0.0
3.31,0.0
3.32,0.0
3.33,0.0
3.34,0.0
3.35,0.0
3.36,0.0
3.37,0.0
3.38,0.0
3.39,0.0
3.4,0.0
3.41,0.0
3.42,0.0
3.43,0.0
3.44,0.0
3.45,0.0
3.46,0.0
3.47,0.0
3.48,0.0
3.49,0.0
3.5,0.0
3.51,0.0
3.52,0.0
3.53,0.0
3.54,0.0
3.55,0.0
3.56,0.0
3.57,0.0
3.58,0.0
3.59,0.0
3.6,0.0
3.61,0.0
3.62,0.0
3.63,0.0
3.64,0.0
3.65,0.0
3.66,0.0
3.67,0.0
3.68,0.0
3.69,0.0
3.7,0.0
3.71,0.0
3.72,0.0
3.73,0.0
3.74,0.0
3.75,0.0
3.76,0.0
3.77,0.0
3.78,0.0
3.79,0.0
3.8,0.0
3.81,0.0
3.82,0.0
3.83,0.0
3.84,0.0
3.85,0.0
3.86,0.0
3.87,0.0
3.88,0.0
3.89,0.0
3.9,0.0
3.91,0.0
3.92,0.0
3.93,0.0
3.94,0.0
3.95,0.0
3.96,0.0
3.97,0.0
3.98,0.0
3.99,0.0
4.0,0.0
4.01,0.0
4.02,0.0
4.03,0.0
4.04,0.0
4.05,0.0
4.06,0.0
4.07,0.0
4.08,0.0
4.09,0.0
4.1,0.0
4.11,0.0
4.12,0.0
4.13,0.0
4.14,0.0
4.15,0.0
4.16,0.0
4.17,0.0
4.18,0.0
4.19,0.0
4.2,0.0
4.21,0.0
4.22,0.0
4.23,0.0
4.24,0.0
4.25,0.0
4.26,0.0
4.27,0.0
4.28,0.0
4.29,0.0
4.3,0.0
4.31,0.0
4.32,0.0
4.33,0.0
4.34,0.0
4.35,0.0
4.36,0.0
4.37,0.0
4.38,0.0
4.39,0.0
4.4,0.0
4.41,0.0
4.42,0.0
4.43,0.0
4.44,0.0
4.45,0.0
4.46,0.0
4.47,0.0
4.48,0.0
4.49,0.0
4.5,0.0
4.51,0.0
4.52,0.0
4.53,0.0
4.54,0.0
4.55,0.0
4.56,0.0
4.57,0.0
4.58,0.0
4.59,0.0
4.6,0.0
4.61,0.0
4.62,0.0
4.63,0.0
4.64,0.0
4.65,0.0
4.66,0.0
4.67,0.0
4.68,0.0
4.69,0.0
4.7,0.0
4.71,0.0
4.72,0.0
4.73,0.0
4.74,0.0
4.75,0.0
4.76,0.0
4.77,0.0
4.78,0.0
4.79,0.0
4.8,0.0
4.81,0.0
4.82,0.0
4.83,0.0
4.84,0.0
4.85,0.0
4.86,0.0
4.87,0.0
4.88,0.0
4.89,0.0
4.9,0.0
4.91,0.0
4.92,0.0
4.93,0.0
4.94,0.0
4.95,0.0
4.96,0.0
4.97,0.0
4.98,0.0
4.99,0.0
5.0,0.0
5.01,0.0
5.02,0.0
5.03,0.0
5.04,0.0
5.05,0.0
5.06,0.0
5.07,0.0
5.08,0.0
5.09,0.0
5.1,0.0
5.11,0.0
5.12,0.0
5.13,0.0
5.14,0.0
5.15,0.0
5.16,0.0
5.17,0.0
5.18,0.0
5.19,0.0
5.2,0.0
5.21,0.0
5.22,0.0
5.23,0.0
5.24,0.0
5.25,0.0
5.26,0.0
5.27,0.0
5.28,0.0
5.29,0.0
5.3,0.0
5.31,0.0
5.32,0.0
5.33,0.0
5.34,0.0
5.35,0.0
5.36,0.0
5.37,0.0
5.38,0.0
5.39,0.0
5.4,0.0
5.41,0.0
5.42,0.0
5.43,0.0
5.44,0.0
5.45,0.0
5.46,0.0
5.47,0.0
5.48,0.0
5.49,0.0
5.5,0.0
5.51,0.0
5.52,0.0
5.53,0.0
5.54,0.0
5.55,0.0
5.56,0.0
5.57,0.0
5.58,0.0
5.59,0.0
5.6,0.0
5.61,0.0
5.62,0.0
5.63,0.0
5.64,0.0
5.65,0.0
5.66,0.0
5.67,0.0
5.68,0.0
5.69,0.0
5.7,0.0
5.71,0.0
5.72,0.0
5.73,0.0
5.74,0.0
5.75,0.0
5.76,0.0
5.77,0.0
5.78,0.0
5.79,0.0
5.8,0.0
5.81,0.0
5.82,0.0
5.83,0.0
5.84,0.0
5.85,0.0
5.86,0.0
5.87,0.0
5.88,0.0
5.89,0.0
5.9,0.0
5.91,0.0
5.92,0.0
5.93,0.0
5.94,0.0
5.95,0.0
5.96,0.0
5.97,0.0
5.98,0.0
5.99,0.0
6.0,0.0
6.01,0.0
6.02,0.0
6.03,0.0
6.04,0.0
6.05,0.0
6.06,0.0
6.07,0.0
6.08,0.0
6.09,0.0
6.1,0.0
6.11,0.0
6.12,0.0
6.13,0.0
6.14,0.0
6.15,0.0
6.16,0.0
6.17,0.0
6.18,0.0
6.19,0.0
6.2,0.0
6.21,0.0
6.22,0.0
6.23,0.0
6.24,0.0
6.25,0.0
6.26,0.0
6.27,0.0
6.28,0.0
6.29,0.0
6.3,0.0
6.31,0.0
6.32,0.0
6.33,0.0
6.34,0.0
6.35,0.0
6.36,0.0
6.37,0.0
6.38,0.0
6.39,0.0
6.4,0.0
6.41,0.0
6.42,0.0
6.43,0.0
6.44,0.0
6.45,0.0
6.46,0.0
6.47,0.0
6.48,0.0
6.49,0.0
6.5,0.0
6.51,0.0
6.52,0.0
6.53,0.0
6.54,0.0
6.55,0.0
6.56,0.0
6.57,0.0
6.58,0.0
6.59,0.0
6.6,0.0
6.61,0.0
6.62,0.0
6.63,0.0
6.64,0.0
6.65,0.0
6.66,0.0
6.67,0.0
6.68,0.0
6.69,0.0
6.7,0.0
6.71,0.0
6.72,0.0
6.73,0.0
6.74,0.0
6.75,0.0
6.76,0.0
6.77,0.0
6.78,0.0
6.79,0.0
6.8,0.0
6.81,0.0
6.82,0.0
6.83,0.0
6.84,0.0
6.85,0.0
6.86,0.0
6.87,0.0
6.88,0.0
6.89,0.0
6.9,0.0
6.91,0.0
6.92,0.0
6.93,0.0
6.94,0.0
6.95,0.0
6.96,0.0
6.97,0.0
6.98,0.0
6.99,0.0
7.0,0.0
7.01,0.0
7.02,0.0
7.03,0.0
7.04,0.0
7.05,0.0
7.06,0.0
7.07,0.0
7.08,0.0
7.09,0.0
7.1,0.0
7.11,0.0
7.12,0.0
7.13,0.0
7.14,0.0
7.15,0.0
7.16,0.0
7.17,0.0
7.18,0.0
7.19,0.0
7.2,0.0
7.21,0.0
7.22,0.0
7.23,0.0
7.24,0.0
7.25,0.0
7.26,0.0
7.27,0.0
7.28,0.0
7.29,0.0
7.3,0.0
7.31,0.0
7.32,0.0
7.33,0.0
7.34,0.0
7.35,0.0
7.36,0.0
7.37,0.0
7.38,0.0
7.39,0.0
7.4,0.0
7.41,0.0
7.42,0.0
7.43,0.0
7.44,0.0
7.45,0.0
7.46,0.0
7.47,0.0
7.48,0.0
7.49,0.0
7.5,0.0
7.51,0.0
7.52,0.0
7.53,0.0
7.54,0.0
7.55,0.0
7.56,0.0
7.57,0.0
7.58,0.0
7.59,0.0
7.6,0.0
7.61,0.0
7.62,0.0
7.63,0.0
7.64,0.0
7.65,0.0
7.66,0.0
7.67,0.0
7.68,0.0
7.69,0.0
7.7,0.0
7.71,0.0
7.72,0.0
7.73,0.0
7.74,0.0
7.75,0.0
7.76,0.0
7.77,0.0
7.78,0.0
7.79,0.0
7.8,0.0
7.81,0.0
7.82,0.0
7.83,0.0
7.84,0.0
7.85,0.0
7.86,0.0
7.87,0.0
7.88,0.0
7.89,0.0
7.9,0.0
7.91,0.0
7.92,0.0
7.93,0.0
7.94,0.0
7.95,0.0
7.96,0.0
7.97,0.0
7.98,0.0
7.99,0.0
8.0,0.0
8.01,0.0
8.02,0.0
8.03,0.0
8.04,0.0
8.05,0.0
8.06,0.0
8.07,0.0
8.08,0.0
8.09,0.0
8.1,0.0
8.11,0.0
8.12,0.0
8.13,0.0
8.14,0.0
8.15,0.0
8.16,0.0
8.17,0.0
8.18,0.0
8.19,0.0
8.2,0.0
8.21,0.0
8.22,0.0
8.23,0.0
8.24,0.0
8.25,0.0
8.26,0.0
8.27,0.0
8.28,0.0
8.29,0.0
8.3,0.0
8.31,0.0
8.32,0.0
8.33,0.0
8.34,0.0
8.35,0.0
8.36,0.0
8.37,0.0
8.38,0.0
8.39,0.0
8.4,0.0
8.41,0.0
8.42,0.0
8.43,0.0
8.44,0.0
8.45,0.0
8.46,0.0
8.47,0.0
8.48,0.0
8.49,0.0
8.5,0.0
8.51,0.0
8.52,0.0
8.53,0.0
8.54,0.0
8.55,0.0
8.56,0.0
8.57,0.0
8.58,0.0
8.59,0.0
8.6,0.0
8.61,0.0
8.62,0.0
8.63,0.0
8.64,0.0
8.65,0.0
8.66,0.0
8.67,0.0
8.68,0.0
8.69,0.0
8.7,0.0
8.71,0.0
8.72,0.0
8.73,0.0
8.74,0.0
8.75,0.0
8.76,0.0
8.77,0.0
8.78,0.0
8.79,0.0
8.8,0.0
8.81,0.0
8.82,0.0
8.83,0.0
8.84,0.0
8.85,0.0
8.86,0.0
8.87,0.0
8.88,0.0
8.89,0.0
8.9,0.0
8.91,0.0
8.92,0.0
8.93,0.0
8.94,0.0
8.95,0.0
8.96,0.0
8.97,0.0
8.98,0.0
8.99,0.0
9.0,0.0
9.01,0.0
9.02,0.0
9.03,0.0
9.04,0.0
9.05,0.0
9.06,0.0
9.07,0.0
9.08,0.0
9.09,0.0
9.1,0.0
9.11,0.0
9.12,0.0
9.13,0.0
9.14,0.0
9.15,0.0
9.16,0.0
9.17,0.0
9.18,0.0
9.19,0.0
9.2,0.0
9.21,0.0
9.22,0.0
9.23,0.0
9.24,0.0
9.25,0.0
9.26,0.0
9.27,0.0
9.28,0.0
9.29,0.0
9.3,0.0
9.31,0.0
9.32,0.0
9.33,0.0
9.34,0.0
9.35,0.0
9.36,0.0
9.37,0.0
9.38,0.0
9.39,0.0
9.4,0.0
9.41,0.0
9.42,0.0
9.43,0.0
9.44,0.0
9.45,0.0
9.46,0.0
9.47,0.0
9.48,0.0
9.49,0.0
9.5,0.0
9.51,0.0
9.52,0.0
9.53,0.0
9.54,0.0
9.55,0.0
9.56,0.0
9.57,0.0
9.58,0.0
9.59,0.0
9.6,0.0
9.61,0.0
9.62,0.0
9.63,0.0
9.64,0.0
9.65,0.0
9.66,0.0
9.67,0.0
9.68,0.0
9.69,0.0
9.7,0.0
9.71,0.0
9.72,0.0
9.73,0.0
9.74,0.0
9.75,0.0
9.76,0.0
9.77,0.0
9.78,0.0
9.79,0.0
9.8,0.0
9.81,0.0
9.82,0.0
9.83,0.0
9.84,0.0
9.85,0.0
9.86,0.0
9.87,0.0
9.88,0.0
9.89,0.0
9.9,0.0
9.91,0.0
9.92,0.0
9.93,0.0
9.94,0.0
9.95,0.0
9.96,0.0
9.97,0.0
9.98,0.0
9.99,0.0
10.0,0.0
10.01,0.0
10.02,0.0
10.03,0.0
10.04,0.0
10.05,0.0
10.06,0.0
10.07,0.0
10.08,0.0
10.09,0.0
10.1,0.0
10.11,0.0
10.12,0.0
10.13,0.0
10.14,0.0
10.15,0.0
10.16,0.0
10.17,0.0
10.18,0.0
10.19,0.0
10.2,0.0
10.21,0.0
10.22,0.0
10.23,0.0
10.24,0.0
10.25,0.0
10.26,0.0
10.27,0.0
10.28,0.0
10.29,0.0
10.3,0.0
10.31,0.0
10.32,0.0
10.33,0.0
10.34,0.0
10.35,0.0
10.36,0.0
10.37,0.0
10.38,0.0
10.39,0.0
10.4,0.0
10.41,0.0
10.42,0.0
10.43,0.0
10.44,0.0
10.45,0.0
10.46,0.0
10.47,0.0
10.48,0.0
10.49,0.0
10.5,0.0
10.51,0.0
10.52,0.0
10.53,0.0
10.54,0.0
10.55,0.0
10.56,0.0
10.57,0.0
10.58,0.0
10.59,0.0
10.6,0.0
10.61,0.0
10.62,0.0
10.63,0.0
10.64,0.0
10.65,0.0
10.66,0.0
10.67,0.0
10.68,0.0
10.69,0.0
10.7,0.0
10.71,0.0
10.72,0.0
10.73,0.0
10.74,0.0
10.75,0.0
10.76,0.0
10.77,0.0
10.78,0.0
10.79,0.0
10.8,0.0
10.81,0.0
10.82,0.0
10.83,0.0
10.84,0.0
10.85,0.0
10.86,0.0
10.87,0.0
10.88,0.0
10.89,0.0
10.9,0.0
10.91,0.0
10.92,0.0
10.93,0.0
10.94,0.0
10.95,0.0
10.96,0.0
10.97,0.0
10.98,0.0
10.99,0.0
11.0,0.0
11.01,0.0
11.02,0.0
11.03,0.0
11.04,0.0
11.05,0.0
11.06,0.0
11.07,0.0
11.08,0.0
11.09,0.0
11.1,0.0
11.11,0.0
11.12,0.0
11.13,0.0
11.14,0.0
11.15,0.0
11.16,0.0
11.17,0.0
11.18,0.0
11.19,0.0
11.2,0.0
11.21,0.0
11.22,0.0
11.23,0.0
11.24,0.0
11.25,0.0
11.26,0.0
11.27,0.0
11.28,0.0
11.29,0.0
11.3,0.0
11.31,0.0
11.32,0.0
11.33,0.0
11.34,0.0
11.35,0.0
11.36,0.0
11.37,0.0
11.38,0.0
11.39,0.0
11.4,0.0
11.41,0.0
11.42,0.0
11.43,0.0
11.44,0.0
11.45,0.0
11.46,0.0
11.47,0.0
11.48,0.0
11.49,0.0
11.5,0.0
11.51,0.0
11.52,0.0
11.53,0.0
11.54,0.0
11.55,0.0
11.56,0.0
11.57,0.0
11.58,0.0
11.59,0.0
11.6,0.0
11.61,0.0
11.62,0.0
11.63,0.0
11.64,0.0
11.65,0.0
11.66,0.0
11.67,0.0
11.68,0.0
11.69,0.0
11.7,0.0
11.71,0.0
11.72,0.0
11.73,0.0
11.74,0.0
11.75,0.0
11.76,0.0
11.77,0.0
11.78,0.0
11.79,0.0
11.8,0.0
11.81,0.0
11.82,0.0
11.83,0.0
11.84,0.0
11.85,0.0
11.86,0.0
11.87,0.0
11.88,0.0
11.89,0.0
11.9,0.0
11.91,0.0
11.92,0.0
11.93,0.0
11.94,0.0
11.95,0.0
11.96,0.0
11.97,0.0
11.98,0.0
11.99,0.0
12.0,0.0
12.01,0.0
12.02,0.0
12.03,0.0
12.04,0.0
12.05,0.0
12.06,0.0
12.07,0.0
12.08,0.0
12.09,0.0
12.1,0.0
12.11,0.0
12.12,0.0
12.13,0.0
12.14,0.0
12.15,0.0
12.16,0.0
12.17,0.0
12.18,0.0
12.19,0.0
12.2,0.0
12.21,0.0
12.22,0.0
12.23,0.0
12.24,0.0
12.25,0.0
12.26,0.0
12.27,0.0
12.28,0.0
12.29,0.0
12.3,0.0
12.31,0.0
12.32,0.0
12.33,0.0
12.34,0.0
12.35,0.0
12.36,0.0
12.37,0.0
12.38,0.0
12.39,0.0
12.4,0.0
12.41,0.0
12.42,0.0
12.43,0.0
12.44,0.0
12.45,0.0
12.46,0.0
12.47,0.0
12.48,0.0
12.49,0.0
12.5,0.0
12.51,0.0
12.52,0.0
12.53,0.0
12.54,0.0
12.55,0.0
12.56,0.0
12.57,0.0
12.58,0.0
12.59,0.0
12.6,0.0
12.61,0.0
12.62,0.0
12.63,0.0
12.64,0.0
12.65,0.0
12.66,0.0
12.67,0.0
12.68,0.0
12.69,0.0
12.7,0.0
12.71,0.0
12.72,0.0
12.73,0.0
12.74,0.0
12.75,0.0
12.76,0.0
12.77,0.0
12.78,0.0
12.79,0.0
12.8,0.0
12.81,0.0
12.82,0.0
12.83,0.0
12.84,0.0
12.85,0.0
12.86,0.0
12.87,0.0
12.88,0.0
12.89,0.0
12.9,0.0
12.91,0.0
12.92,0.0
12.93,0.0
12.94,0.0
12.95,0.0
12.96,0.0
12.97,0.0
12.98,0.0
12.99,0.0
13.0,0.001
13.01,0.003
13.02,0.013
13.03,0.053
13.04,0.186
13.05,0.577
13.06,1.567
13.07,3.727
13.08,7.782
13.09,14.289
13.1,23.131
13.11,33.137
13.12,42.223
13.13,48.167
13.14,49.575
13.15,46.393
13.16,39.719
13.17,31.199
13.18,22.449
13.19,14.718
13.2,8.727
13.21,4.643
13.22,2.202
13.23,0.925
13.24,0.343
13.25,0.112
13.26,0.032
13.27,0.008
13.28,0.002
13.29,0.0
13.3,0.0
13.31,0.0
13.32,0.0
13.33,0.0
13.34,0.0
13.35,0.0
13.36,0.0
13.37,0.0
13.38,0.0
13.39,0.0
13.4,0.0
13.41,0.0
13.42,0.0
13.43,0.0
13.44,0.0
13.45,0.0
13.46,0.0
13.47,0.0
13.48,0.0
13.49,0.0
13.5,0.0
13.51,0.0
13.52,0.0
13.53,0.0
13.54,0.0
13.55,0.0
13.56,0.0
13.57,0.0
13.58,0.0
13.59,0.0
13.6,0.0
13.61,0.0
13.62,0.0
13.63,0.0
13.64,0.0
13.65,0.0
13.66,0.0
13.67,0.0
13.68,0.0
13.69,0.0
13.7,0.0
13.71,0.0
13.72,0.0
13.73,0.0
13.74,0.0
13.75,0.0
13.76,0.0
13.77,0.0
13.78,0.0
13.79,0.0
13.8,0.0
13.81,0.0
13.82,0.0
13.83,0.0
13.84,0.0
13.85,0.0
13.86,0.0
13.87,0.0
13.88,0.0
13.89,0.0
13.9,0.0
13.91,0.0
13.92,0.0
13.93,0.0
13.94,0.0
13.95,0.0
13.96,0.0
13.97,0.0
13.98,0.0
13.99,0.0
14.0,0.0
14.01,0.0
14.02,0.0
14.03,0.0
14.04,0.0
14.05,0.0
14.06,0.0
14.07,0.0
14.08,0.0
14.09,0.0
14.1,0.0
14.11,0.0
14.12,0.0
14.13,0.0
14.14,0.0
14.15,0.0
14.16,0.0
14.17,0.0
14.18,0.0
14.19,0.0
14.2,0.0
14.21,0.0
14.22,0.0
14.23,0.0
14.24,0.0
14.25,0.0
14.26,0.0
14.27,0.0
14.28,0.0
14.29,0.0
14.3,0.0
14.31,0.0
14.32,0.0
14.33,0.0
14.34,0.0
14.35,0.0
14.36,0.0
14.37,0.0
14.38,0.0
14.39,0.0
14.4,0.0
14.41,0.0
14.42,0.0
14.43,0.0
14.44,0.0
14.45,0.0
14.46,0.0
14.47,0.0
14.48,0.0
14.49,0.0
14.5,0.0
14.51,0.0
14.52,0.0
14.53,0.0
14.54,0.0
14.55,0.0
14.56,0.0
14.57,0.0
14.58,0.0
14.59,0.0
14.6,0.0
14.61,0.0
14.62,0.0
14.63,0.0
14.64,0.0
14.65,0.0
14.66,0.0
14.67,0.0
14.68,0.0
14.69,0.0
14.7,0.0
14.71,0.0
14.72,0.0
14.73,0.0
14.74,0.0
14.75,0.0
14.76,0.0
14.77,0.0
14.78,0.0
14.79,0.0
14.8,0.0
14.81,0.0
14.82,0.0
14.83,0.0
14.84,0.0
14.85,0.0
14.86,0.0
14.87,0.0
14.88,0.0
14.89,0.0
14.9,0.0
14.91,0.0
14.92,0.0
14.93,0.0
14.94,0.0
14.95,0.0
14.96,0.0
14.97,0.0
14.98,0.0
14.99,0.0
15.0,0.0
15.01,0.0
15.02,0.0
15.03,0.0
15.04,0.0
15.05,0.0
15.06,0.0
15.07,0.0
15.08,0.0
15.09,0.0
15.1,0.0
15.11,0.0
15.12,0.0
15.13,0.0
15.14,0.0
15.15,0.0
15.16,0.0
15.17,0.0
15.18,0.0
15.19,0.0
15.2,0.0
15.21,0.0
15.22,0.0
15.23,0.0
15.24,0.0
15.25,0.0
15.26,0.0
15.27,0.0
15.28,0.0
15.29,0.0
15.3,0.0
15.31,0.0
15.32,0.0
15.33,0.0
15.34,0.0
15.35,0.0
15.36,0.0
15.37,0.0
15.38,0.0
15.39,0.0
15.4,0.0
15.41,0.0
15.42,0.0
15.43,0.0
15.44,0.0
15.45,0.0
15.46,0.0
15.47,0.0
15.48,0.0
15.49,0.0
15.5,0.0
15.51,0.0
15.52,0.0
15.53,0.0
15.54,0.0
15.55,0.0
15.56,0.0
15.57,0.0
15.58,0.0
15.59,0.0
15.6,0.0
15.61,0.0
15.62,0.0
15.63,0.0
15.64,0.0
15.65,0.0
15.66,0.0
15.67,0.0
15.68,0.0
15.69,0.0
15.7,0.0
15.71,0.0
15.72,0.0
15.73,0.0
15.74,0.0
15.75,0.0
15.76,0.0
15.77,0.0
15.78,0.0
15.79,0.0
15.8,0.0
15.81,0.0
15.82,0.0
15.83,0.0
15.84,0.0
15.85,0.0
15.86,0.0
15.87,0.0
15.88,0.0
15.89,0.0
15.9,0.0
15.91,0.0
15.92,0.001
15.93,0.004
15.94,0.018
15.95,0.075
15.96,0.269
15.97,0.85
15.98,2.363
15.99,5.786
16.0,12.473
16.01,23.708
16.02,39.806
16.03,59.213
16.04,78.404
16.05,93.063
16.06,100.0
16.07,98.476
16.08,90.006
16.09,77.072
16.1,61.976
16.11,46.53
16.12,32.248
16.13,20.368
16.14,11.592
16.15,5.894
16.16,2.661
16.17,1.063
16.18,0.375
16.19,0.116
16.2,0.032
16.21,0.008
16.22,0.002
16.23,0.0
16.24,0.0
16.25,0.0
16.26,0.0
16.27,0.0
16.28,0.0
16.29,0.0
16.3,0.0
16.31,0.0
16.32,0.0
16.33,0.0
16.34,0.0
16.35,0.0
16.36,0.0
16.37,0.0
16.38,0.0
16.39,0.0
16.4,0.0
16.41,0.0
16.42,0.0
16.43,0.0
16.44,0.0
16.45,0.0
16.46,0.0
16.47,0.0
16.48,0.0
16.49,0.0
16.5,0.0
16.51,0.0
16.52,0.0
16.53,0.0
16.54,0.0
16.55,0.0
16.56,0.0
16.57,0.0
16.58,0.0
16.59,0.0
16.6,0.0
16.61,0.0
16.62,0.0
16.63,0.0
16.64,0.0
16.65,0.0
16.66,0.0
16.67,0.0
16.68,0.0
16.69,0.0
16.7,0.0
16.71,0.0
16.72,0.0
16.73,0.0
16.74,0.0
16.75,0.0
16.76,0.0
16.77,0.0
16.78,0.0
16.79,0.0
16.8,0.0
16.81,0.0
16.82,0.0
16.83,0.0
16.84,0.0
16.85,0.0
16.86,0.0
16.87,0.0
16.88,0.0
16.89,0.0
16.9,0.0
16.91,0.0
16.92,0.0
16.93,0.0
16.94,0.0
16.95,0.0
16.96,0.0
16.97,0.0
16.98,0.0
16.99,0.0
17.0,0.0
17.01,0.0
17.02,0.0
17.03,0.0
17.04,0.0
17.05,0.0
17.06,0.0
17.07,0.0
17.08,0.0
17.09,0.0
17.1,0.0
17.11,0.0
17.12,0.0
17.13,0.0
17.14,0.0
17.15,0.0
17.16,0.0
17.17,0.0
17.18,0.0
17.19,0.0
17.2,0.0
17.21,0.0
17.22,0.0
17.23,0.0
17.24,0.0
17.25,0.0
17.26,0.0
17.27,0.0
17.28,0.0
17.29,0.0
17.3,0.0
17.31,0.0
17.32,0.0
17.33,0.0
17.34,0.0
17.35,0.0
17.36,0.0
17.37,0.0
17.38,0.0
17.39,0.0
17.4,0.0
17.41,0.0
17.42,0.0
17.43,0.0
17.44,0.0
17.45,0.0
17.46,0.0
17.47,0.0
17.48,0.0
17.49,0.0
17.5,0.0
17.51,0.0
17.52,0.0
17.53,0.0
17.54,0.0
17.55,0.0
17.56,0.0
17.57,0.0
17.58,0.0
17.59,0.0
17.6,0.0
17.61,0.0
17.62,0.0
17.63,0.0
17.64,0.0
17.65,0.0
17.66,0.0
17.67,0.0
17.68,0.0
17.69,0.0
17.7,0.0
17.71,0.0
17.72,0.0
17.73,0.0
17.74,0.0
17.75,0.0
17.76,0.0
17.77,0.0
17.78,0.0
17.79,0.0
17.8,0.0
17.81,0.0
17.82,0.0
17.83,0.0
17.84,0.0
17.85,0.0
17.86,0.0
17.87,0.0
17.88,0.0
17.89,0.0
17.9,0.0
17.91,0.0
17.92,0.0
17.93,0.0
17.94,0.0
17.95,0.0
17.96,0.0
17.97,0.0
17.98,0.0
17.99,0.0
18.0,0.0
18.01,0.0
18.02,0.0
18.03,0.0
18.04,0.0
18.05,0.0
18.06,0.0
18.07,0.0
18.08,0.0
18.09,0.0
18.1,0.001
18.11,0.003
18.12,0.009
18.13,0.029
18.14,0.081
18.15,0.196
18.16,0.422
18.17,0.803
18.18,1.352
18.19,2.02
18.2,2.687
18.21,3.206
18.22,3.466
18.23,3.444
18.24,3.2
18.25,2.823
18.26,2.382
18.27,1.913
18.28,1.441
18.29,1.0
18.3,0.631
18.31,0.357
18.32,0.18
18.33,0.081
18.34,0.032
18.35,0.011
18.36,0.003
18.37,0.001
18.38,0.0
18.39,0.0
18.4,0.0
18.41,0.0
18.42,0.0
18.43,0.0
18.44,0.0
18.45,0.0
18.46,0.0
18.47,0.0
18.48,0.0
18.49,0.0
18.5,0.0
18.51,0.0
18.52,0.0
18.53,0.0
18.54,0.0
18.55,0.0
18.56,0.0
18.57,0.0
18.58,0.0
18.59,0.0
18.6,0.0
18.61,0.0
18.62,0.0
18.63,0.0
18.64,0.0
18.65,0.0
18.66,0.0
18.67,0.0
18.68,0.0
18.69,0.0
18.7,0.0
18.71,0.0
18.72,0.0
18.73,0.0
18.74,0.0
18.75,0.0
18.76,0.0
18.77,0.0
18.78,0.0
18.79,0.0
18.8,0.0
18.81,0.0
18.82,0.0
18.83,0.0
18.84,0.0
18.85,0.0
18.86,0.0
18.87,0.0
18.88,0.001
18.89,0.005
18.9,0.019
18.91,0.056
18.92,0.148
18.93,0.347
18.94,0.72
18.95,1.321
18.96,2.148
18.97,3.103
18.98,4.001
18.99,4.638
19.0,4.889
19.01,4.762
19.02,4.369
19.03,3.837
19.04,3.244
19.05,2.619
19.06,1.985
19.07,1.387
19.08,0.879
19.09,0.5
19.1,0.253
19.11,0.114
19.12,0.046
19.13,0.016
19.14,0.005
19.15,0.001
19.16,0.0
19.17,0.0
19.18,0.0
19.19,0.0
19.2,0.0
19.21,0.0
19.22,0.0
19.23,0.0
19.24,0.0
19.25,0.0
19.26,0.0
19.27,0.0
19.28,0.0
19.29,0.0
19.3,0.0
19.31,0.0
19.32,0.0
19.33,0.0
19.34,0.0
19.35,0.0
19.36,0.0
19.37,0.0
19.38,0.0
19.39,0.0
19.4,0.0
19.41,0.0
19.42,0.0
19.43,0.0
19.44,0.0
19.45,0.0
19.46,0.0
19.47,0.0
19.48,0.0
19.49,0.0
19.5,0.0
19.51,0.0
19.52,0.0
19.53,0.0
19.54,0.0
19.55,0.0
19.56,0.0
19.57,0.0
19.58,0.0
19.59,0.0
19.6,0.0
19.61,0.0
19.62,0.0
19.63,0.0
19.64,0.0
19.65,0.0
19.66,0.0
19.67,0.0
19.68,0.0
19.69,0.0
19.7,0.0
19.71,0.0
19.72,0.0
19.73,0.0
19.74,0.0
19.75,0.0
19.76,0.0
19.77,0.0
19.78,0.0
19.79,0.0
19.8,0.0
19.81,0.0
19.82,0.0
19.83,0.0
19.84,0.0
19.85,0.0
19.86,0.0
19.87,0.0
19.88,0.0
19.89,0.0
19.9,0.0
19.91,0.0
19.92,0.0
19.93,0.0
19.94,0.0
19.95,0.0
19.96,0.0
19.97,0.0
19.98,0.0
19.99,0.0
20.0,0.0
20.01,0.0
20.02,0.0
20.03,0.0
20.04,0.0
20.05,0.0
20.06,0.0
20.07,0.0
20.08,0.0
20.09,0.0
20.1,0.0
20.11,0.0
20.12,0.0
20.13,0.0
20.14,0.0
20.15,0.0
20.16,0.0
20.17,0.0
20.18,0.0
20.19,0.0
20.2,0.0
20.21,0.0
20.22,0.0
20.23,0.0
20.24,0.0
20.25,0.0
20.26,0.0
20.27,0.0
20.28,0.0
20.29,0.0
20.3,0.0
20.31,0.0
20.32,0.0
20.33,0.0
20.34,0.0
20.35,0.0
20.36,0.0
20.37,0.0
20.38,0.0
20.39,0.0
20.4,0.0
20.41,0.0
20.42,0.0
20.43,0.0
20.44,0.0
20.45,0.0
20.46,0.0
20.47,0.001
20.48,0.004
20.49,0.009
20.5,0.022
20.51,0.046
20.52,0.084
20.53,0.138
20.54,0.201
20.55,0.261
20.56,0.304
20.57,0.322
20.58,0.315
20.59,0.291
20.6,0.259
20.61,0.225
20.62,0.189
20.63,0.152
20.64,0.113
20.65,0.077
20.66,0.048
20.67,0.026
20.68,0.014
20.69,0.009
20.7,0.013
20.71,0.034
20.72,0.087
20.73,0.201
20.74,0.415
20.75,0.757
20.76,1.228
20.77,1.772
20.78,2.284
20.79,2.645
20.8,2.783
20.81,2.708
20.82,2.491
20.83,2.215
20.84,1.925
20.85,1.625
20.86,1.306
20.87,0.977
20.88,0.667
20.89,0.41
20.9,0.226
20.91,0.111
20.92,0.048
20.93,0.019
20.94,0.006
20.95,0.002
20.96,0.001
20.97,0.001
20.98,0.004
20.99,0.014
21.0,0.044
21.01,0.12
21.02,0.291
21.03,0.627
21.04,1.198
21.05,2.032
21.06,3.065
21.07,4.121
21.08,4.966
21.09,5.412
21.1,5.411
21.11,5.069
21.12,4.559
21.13,4.006
21.14,3.444
21.15,2.851
21.16,2.22
21.17,1.591
21.18,1.032
21.19,0.601
21.2,0.312
21.21,0.144
21.22,0.059
21.23,0.022
21.24,0.007
21.25,0.002
21.26,0.001
21.27,0.0
21.28,0.0
21.29,0.0
21.3,0.0
21.31,0.0
21.32,0.0
21.33,0.0
21.34,0.0
21.35,0.0
21.36,0.0
21.37,0.0
21.38,0.0
21.39,0.0
21.4,0.0
21.41,0.0
21.42,0.0
21.43,0.0
21.44,0.0
21.45,0.0
21.46,0.0
21.47,0.0
21.48,0.0
21.49,0.0
21.5,0.0
21.51,0.0
21.52,0.0
21.53,0.0
21.54,0.0
21.55,0.0
21.56,0.0
21.57,0.0
21.58,0.0
21.59,0.0
21.6,0.0
21.61,0.0
21.62,0.0
21.63,0.0
21.64,0.0
21.65,0.0
21.66,0.0
21.67,0.0
21.68,0.0
21.69,0.0
21.7,0.0
21.71,0.0
21.72,0.0
21.73,0.0
21.74,0.0
21.75,0.0
21.76,0.0
21.77,0.0
21.78,0.0
21.79,0.0
21.8,0.0
21.81,0.0
21.82,0.0
21.83,0.0
21.84,0.0
21.85,0.0
21.86,0.0
21.87,0.0
21.88,0.0
21.89,0.0
21.9,0.0
21.91,0.0
21.92,0.0
21.93,0.0
21.94,0.0
21.95,0.0
21.96,0.0
21.97,0.0
21.98,0.0
21.99,0.0
22.0,0.0
22.01,0.0
22.02,0.0
22.03,0.0
22.04,0.0
22.05,0.0
22.06,0.0
22.07,0.0
22.08,0.0
22.09,0.0
22.1,0.0
22.11,0.0
22.12,0.0
22.13,0.0
22.14,0.0
22.15,0.0
22.16,0.0
22.17,0.0
22.18,0.0
22.19,0.0
22.2,0.0
22.21,0.0
22.22,0.0
22.23,0.0
22.24,0.0
22.25,0.0
22.26,0.0
22.27,0.0
22.28,0.0
22.29,0.0
22.3,0.0
22.31,0.0
22.32,0.0
22.33,0.0
22.34,0.0
22.35,0.0
22.36,0.0
22.37,0.0
22.38,0.0
22.39,0.0
22.4,0.0
22.41,0.0
22.42,0.0
22.43,0.0
22.44,0.0
22.45,0.0
22.46,0.0
22.47,0.0
22.48,0.0
22.49,0.0
22.5,0.0
22.51,0.0
22.52,0.0
22.53,0.0
22.54,0.0
22.55,0.0
22.56,0.0
22.57,0.0
22.58,0.0
22.59,0.0
22.6,0.0
22.61,0.0
22.62,0.0
22.63,0.0
22.64,0.0
22.65,0.0
22.66,0.0
22.67,0.0
22.68,0.0
22.69,0.0
22.7,0.0
22.71,0.0
22.72,0.0
22.73,0.0
22.74,0.0
22.75,0.0
22.76,0.0
22.77,0.0
22.78,0.0
22.79,0.0
22.8,0.0
22.81,0.0
22.82,0.0
22.83,0.0
22.84,0.0
22.85,0.0
22.86,0.0
22.87,0.0
22.88,0.0
22.89,0.0
22.9,0.0
22.91,0.0
22.92,0.0
22.93,0.0
22.94,0.0
22.95,0.0
22.96,0.0
22.97,0.0
22.98,0.0
22.99,0.0
23.0,0.0
23.01,0.0
23.02,0.0
23.03,0.0
23.04,0.0
23.05,0.0
23.06,0.0
23.07,0.0
23.08,0.0
23.09,0.0
23.1,0.0
23.11,0.0
23.12,0.0
23.13,0.0
23.14,0.0
23.15,0.0
23.16,0.0
23.17,0.0
23.18,0.0
23.19,0.0
23.2,0.0
23.21,0.0
23.22,0.0
23.23,0.0
23.24,0.0
23.25,0.0
23.26,0.0
23.27,0.0
23.28,0.0
23.29,0.0
23.3,0.0
23.31,0.0
23.32,0.0
23.33,0.0
23.34,0.0
23.35,0.0
23.36,0.0
23.37,0.0
23.38,0.0
23.39,0.0
23.4,0.0
23.41,0.0
23.42,0.0
23.43,0.0
23.44,0.0
23.45,0.0
23.46,0.0
23.47,0.0
23.48,0.0
23.49,0.0
23.5,0.0
23.51,0.0
23.52,0.0
23.53,0.0
23.54,0.0
23.55,0.0
23.56,0.0
23.57,0.0
23.58,0.0
23.59,0.0
23.6,0.0
23.61,0.0
23.62,0.0
23.63,0.0
23.64,0.0
23.65,0.0
23.66,0.0
23.67,0.0
23.68,0.0
23.69,0.0
23.7,0.0
23.71,0.0
23.72,0.0
23.73,0.0
23.74,0.0
23.75,0.0
23.76,0.0
23.77,0.0
23.78,0.0
23.79,0.0
23.8,0.0
23.81,0.0
23.82,0.0
23.83,0.0
23.84,0.0
23.85,0.0
23.86,0.0
23.87,0.0
23.88,0.0
23.89,0.0
23.9,0.0
23.91,0.0
23.92,0.0
23.93,0.0
23.94,0.0
23.95,0.0
23.96,0.0
23.97,0.0
23.98,0.0
23.99,0.0
24.0,0.0
24.01,0.0
24.02,0.0
24.03,0.0
24.04,0.0
24.05,0.0
24.06,0.0
24.07,0.0
24.08,0.0
24.09,0.0
24.1,0.0
24.11,0.0
24.12,0.0
24.13,0.0
24.14,0.0
24.15,0.0
24.16,0.0
24.17,0.0
24.18,0.0
24.19,0.0
24.2,0.0
24.21,0.0
24.22,0.0
24.23,0.0
24.24,0.001
24.25,0.004
24.26,0.014
24.27,0.048
24.28,0.147
24.29,0.405
24.3,0.99
24.31,2.157
24.32,4.185
24.33,7.236
24.34,11.156
24.35,15.36
24.36,18.945
24.37,21.053
24.38,21.318
24.39,20.052
24.4,18.036
24.41,16.028
24.42,14.354
24.43,12.863
24.44,11.208
24.45,9.196
24.46,6.933
24.47,4.732
24.48,2.9
24.49,1.589
24.5,0.777
24.51,0.339
24.52,0.132
24.53,0.045
24.54,0.014
24.55,0.004
24.56,0.001
24.57,0.0
24.58,0.0
24.59,0.0
24.6,0.0
24.61,0.0
24.62,0.0
24.63,0.0
24.64,0.0
24.65,0.0
24.66,0.0
24.67,0.0
24.68,0.0
24.69,0.0
24.7,0.0
24.71,0.0
24.72,0.0
24.73,0.0
24.74,0.0
24.75,0.0
24.76,0.0
24.77,0.0
24.78,0.0
24.79,0.0
24.8,0.0
24.81,0.0
24.82,0.0
24.83,0.0
24.84,0.001
24.85,0.002
24.86,0.009
24.87,0.028
24.88,0.081
24.89,0.208
24.9,0.474
24.91,0.962
24.92,1.742
24.93,2.813
24.94,4.057
24.95,5.235
24.96,6.069
24.97,6.373
24.98,6.154
24.99,5.603
25.0,4.975
25.01,4.44
25.02,4.014
25.03,3.6
25.04,3.093
25.05,2.471
25.06,1.8
25.07,1.182
25.08,0.696
25.09,0.366
25.1,0.172
25.11,0.072
25.12,0.027
25.13,0.009
25.14,0.003
25.15,0.001
25.16,0.0
25.17,0.0
25.18,0.0
25.19,0.0
25.2,0.0
25.21,0.0
25.22,0.0
25.23,0.0
25.24,0.0
25.25,0.0
25.26,0.0
25.27,0.0
25.28,0.0
25.29,0.0
25.3,0.0
25.31,0.0
25.32,0.0
25.33,0.0
25.34,0.0
25.35,0.0
25.36,0.0
25.37,0.0
25.38,0.0
25.39,0.0
25.4,0.0
25.41,0.0
25.42,0.0
25.43,0.0
25.44,0.0
25.45,0.0
25.46,0.0
25.47,0.0
25.48,0.0
25.49,0.0
25.5,0.0
25.51,0.0
25.52,0.0
25.53,0.0
25.54,0.0
25.55,0.0
25.56,0.0
25.57,0.0
25.58,0.0
25.59,0.0
25.6,0.0
25.61,0.0
25.62,0.0
25.63,0.0
25.64,0.0
25.65,0.0
25.66,0.0
25.67,0.0
25.68,0.0
25.69,0.0
25.7,0.0
25.71,0.0
25.72,0.0
25.73,0.0
25.74,0.0
25.75,0.0
25.76,0.0
25.77,0.0
25.78,0.0
25.79,0.0
25.8,0.0
25.81,0.0
25.82,0.0
25.83,0.0
25.84,0.0
25.85,0.0
25.86,0.0
25.87,0.0
25.88,0.0
25.89,0.0
25.9,0.0
25.91,0.0
25.92,0.0
25.93,0.0
25.94,0.0
25.95,0.0
25.96,0.0
25.97,0.0
25.98,0.0
25.99,0.0
26.0,0.0
26.01,0.0
26.02,0.0
26.03,0.0
26.04,0.0
26.05,0.0
26.06,0.001
26.07,0.004
26.08,0.015
26.09,0.054
26.1,0.175
26.11,0.504
26.12,1.293
26.13,2.961
26.14,6.056
26.15,11.059
26.16,18.039
26.17,26.304
26.18,34.341
26.19,40.27
26.2,42.696
26.21,41.459
26.22,37.73
26.23,33.311
26.24,29.613
26.25,26.984
26.26,24.808
26.27,22.184
26.28,18.628
26.29,14.342
26.3,9.99
26.31,6.253
26.32,3.504
26.33,1.756
26.34,0.788
26.35,0.319
26.36,0.126
26.37,0.065
26.38,0.069
26.39,0.106
26.4,0.164
26.41,0.23
26.42,0.29
26.43,0.329
26.44,0.339
26.45,0.321
26.46,0.288
26.47,0.254
26.48,0.228
26.49,0.214
26.5,0.215
26.51,0.251
26.52,0.394
26.53,0.817
26.54,1.856
26.55,4.039
26.56,8.015
26.57,14.293
26.58,22.818
26.59,32.598
26.6,41.73
26.61,48.03
26.62,50.058
26.63,47.903
26.64,43.148
26.65,37.947
26.66,33.829
26.67,31.023
26.68,28.678
26.69,25.705
26.7,21.574
26.71,16.574
26.72,11.511
26.73,7.182
26.74,4.014
26.75,2.006
26.76,0.896
26.77,0.357
26.78,0.127
26.79,0.041
26.8,0.012
26.81,0.003
26.82,0.001
26.83,0.0
26.84,0.0
26.85,0.0
26.86,0.0
26.87,0.0
26.88,0.0
26.89,0.0
26.9,0.0
26.91,0.0
26.92,0.0
26.93,0.0
26.94,0.0
26.95,0.0
26.96,0.0
26.97,0.0
26.98,0.0
26.99,0.0
27.0,0.0
27.01,0.0
27.02,0.0
27.03,0.0
27.04,0.0
27.05,0.0
27.06,0.0
27.07,0.0
27.08,0.0
27.09,0.0
27.1,0.0
27.11,0.0
27.12,0.0
27.13,0.0
27.14,0.0
27.15,0.0
27.16,0.0
27.17,0.0
27.18,0.0
27.19,0.0
27.2,0.0
27.21,0.0
27.22,0.0
27.23,0.0
27.24,0.0
27.25,0.0
27.26,0.0
27.27,0.0
27.28,0.0
27.29,0.0
27.3,0.0
27.31,0.0
27.32,0.0
27.33,0.0
27.34,0.0
27.35,0.0
27.36,0.0
27.37,0.0
27.38,0.0
27.39,0.0
27.4,0.0
27.41,0.0
27.42,0.0
27.43,0.0
27.44,0.0
27.45,0.0
27.46,0.0
27.47,0.0
27.48,0.0
27.49,0.0
27.5,0.0
27.51,0.0
27.52,0.0
27.53,0.0
27.54,0.0
27.55,0.0
27.56,0.0
27.57,0.0
27.58,0.0
27.59,0.0
27.6,0.0
27.61,0.0
27.62,0.0
27.63,0.0
27.64,0.0
27.65,0.0
27.66,0.0
27.67,0.0
27.68,0.0
27.69,0.0
27.7,0.0
27.71,0.0
27.72,0.0
27.73,0.0
27.74,0.0
27.75,0.0
27.76,0.0
27.77,0.0
27.78,0.0
27.79,0.0
27.8,0.0
27.81,0.0
27.82,0.0
27.83,0.0
27.84,0.0
27.85,0.0
27.86,0.0
27.87,0.0
27.88,0.0
27.89,0.0
27.9,0.0
27.91,0.0
27.92,0.0
27.93,0.0
27.94,0.0
27.95,0.0
27.96,0.0
27.97,0.0
27.98,0.0
27.99,0.0
28.0,0.0
28.01,0.0
28.02,0.0
28.03,0.0
28.04,0.0
28.05,0.0
28.06,0.0
28.07,0.0
28.08,0.0
28.09,0.0
28.1,0.0
28.11,0.0
28.12,0.0
28.13,0.0
28.14,0.0
28.15,0.0
28.16,0.0
28.17,0.0
28.18,0.0
28.19,0.0
28.2,0.0
28.21,0.0
28.22,0.0
28.23,0.0
28.24,0.0
28.25,0.0
28.26,0.0
28.27,0.0
28.28,0.0
28.29,0.0
28.3,0.0
28.31,0.0
28.32,0.0
28.33,0.0
28.34,0.0
28.35,0.0
28.36,0.0
28.37,0.0
28.38,0.0
28.39,0.0
28.4,0.0
28.41,0.0
28.42,0.0
28.43,0.0
28.44,0.0
28.45,0.0
28.46,0.0
28.47,0.0
28.48,0.0
28.49,0.0
28.5,0.0
28.51,0.0
28.52,0.0
28.53,0.0
28.54,0.0
28.55,0.0
28.56,0.0
28.57,0.0
28.58,0.0
28.59,0.0
28.6,0.0
28.61,0.0
28.62,0.0
28.63,0.0
28.64,0.0
28.65,0.0
28.66,0.0
28.67,0.0
28.68,0.0
28.69,0.0
28.7,0.0
28.71,0.0
28.72,0.0
28.73,0.0
28.74,0.0
28.75,0.0
28.76,0.0
28.77,0.0
28.78,0.0
28.79,0.0
28.8,0.0
28.81,0.0
28.82,0.0
28.83,0.0
28.84,0.0
28.85,0.0
28.86,0.0
28.87,0.0
28.88,0.0
28.89,0.0
28.9,0.0
28.91,0.0
28.92,0.0
28.93,0.0
28.94,0.0
28.95,0.0
28.96,0.0
28.97,0.0
28.98,0.001
28.99,0.003
29.0,0.013
29.01,0.044
29.02,0.135
29.03,0.368
29.04,0.902
29.05,1.98
29.06,3.898
29.07,6.876
29.08,10.875
29.09,15.426
29.1,19.649
29.11,22.527
29.12,23.369
29.13,22.185
29.14,19.705
29.15,17.006
29.16,14.952
29.17,13.809
29.18,13.229
29.19,12.581
29.2,11.364
29.21,9.472
29.22,7.173
29.23,4.899
29.24,3.007
29.25,1.656
29.26,0.818
29.27,0.362
29.28,0.144
29.29,0.051
29.3,0.016
29.31,0.005
29.32,0.001
29.33,0.0
29.34,0.0
29.35,0.0
29.36,0.0
29.37,0.0
29.38,0.0
29.39,0.0
29.4,0.0
29.41,0.0
29.42,0.0
29.43,0.0
29.44,0.0
29.45,0.0
29.46,0.0
29.47,0.0
29.48,0.0
29.49,0.0
29.5,0.0
29.51,0.0
29.52,0.0
29.53,0.0
29.54,0.0
29.55,0.0
29.56,0.0
29.57,0.0
29.58,0.0
29.59,0.0
29.6,0.0
29.61,0.0
29.62,0.0
29.63,0.0
29.64,0.0
29.65,0.0
29.66,0.0
29.67,0.0
29.68,0.0
29.69,0.0
29.7,0.0
29.71,0.0
29.72,0.0
29.73,0.0
29.74,0.0
29.75,0.0
29.76,0.0
29.77,0.0
29.78,0.0
29.79,0.0
29.8,0.0
29.81,0.0
29.82,0.0
29.83,0.0
29.84,0.0
29.85,0.0
29.86,0.0
29.87,0.0
29.88,0.0
29.89,0.0
29.9,0.0
29.91,0.0
29.92,0.0
29.93,0.0
29.94,0.0
29.95,0.0
29.96,0.0
29.97,0.0
29.98,0.0
29.99,0.001
30.0,0.005
30.01,0.018
30.02,0.058
30.03,0.164
30.04,0.414
30.05,0.94
30.06,1.915
30.07,3.502
30.08,5.748
30.09,8.469
30.1,11.211
30.11,13.352
30.12,14.356
30.13,14.041
30.14,12.694
30.15,10.935
30.16,9.408
30.17,8.472
30.18,8.08
30.19,7.883
30.2,7.48
30.21,6.64
30.22,5.394
30.23,3.968
30.24,2.629
30.25,1.566
30.26,0.838
30.27,0.402
30.28,0.173
30.29,0.067
30.3,0.023
30.31,0.007
30.32,0.002
30.33,0.001
30.34,0.0
30.35,0.0
30.36,0.0
30.37,0.0
30.38,0.0
30.39,0.0
30.4,0.0
30.41,0.0
30.42,0.0
30.43,0.0
30.44,0.0
30.45,0.0
30.46,0.0
30.47,0.0
30.48,0.0
30.49,0.0
30.5,0.0
30.51,0.0
30.52,0.0
30.53,0.0
30.54,0.0
30.55,0.0
30.56,0.0
30.57,0.0
30.58,0.0
30.59,0.0
30.6,0.0
30.61,0.0
30.62,0.0
30.63,0.0
30.64,0.0
30.65,0.0
30.66,0.0
30.67,0.0
30.68,0.0
30.69,0.0
30.7,0.0
30.71,0.0
30.72,0.0
30.73,0.0
30.74,0.0
30.75,0.0
30.76,0.0
30.77,0.0
30.78,0.0
30.79,0.0
30.8,0.0
30.81,0.0
30.82,0.0
30.83,0.0
30.84,0.0
30.85,0.0
30.86,0.0
30.87,0.0
30.88,0.0
30.89,0.0
30.9,0.0
30.91,0.0
30.92,0.0
30.93,0.0
30.94,0.0
30.95,0.001
30.96,0.004
30.97,0.013
30.98,0.039
30.99,0.11
31.0,0.276
31.01,0.622
31.02,1.258
31.03,2.287
31.04,3.736
31.05,5.486
31.06,7.243
31.07,8.611
31.08,9.246
31.09,9.026
31.1,8.129
31.11,6.954
31.12,5.925
31.13,5.298
31.14,5.065
31.15,5.013
31.16,4.866
31.17,4.439
31.18,3.717
31.19,2.822
31.2,1.933
31.21,1.191
31.22,0.66
31.23,0.329
31.24,0.147
31.25,0.059
31.26,0.021
31.27,0.007
31.28,0.002
31.29,0.001
31.3,0.0
31.31,0.0
31.32,0.0
31.33,0.0
31.34,0.0
31.35,0.0
31.36,0.0
31.37,0.0
31.38,0.0
31.39,0.0
31.4,0.0
31.41,0.0
31.42,0.0
31.43,0.0
31.44,0.0
31.45,0.0
31.46,0.0
31.47,0.0
31.48,0.0
31.49,0.0
31.5,0.0
31.51,0.0
31.52,0.0
31.53,0.0
31.54,0.0
31.55,0.0
31.56,0.0
31.57,0.0
31.58,0.0
31.59,0.0
31.6,0.0
31.61,0.0
31.62,0.0
31.63,0.0
31.64,0.0
31.65,0.0
31.66,0.0
31.67,0.0
31.68,0.0
31.69,0.0
31.7,0.0
31.71,0.0
31.72,0.0
31.73,0.0
31.74,0.0
31.75,0.0
31.76,0.0
31.77,0.0
31.78,0.0
31.79,0.0
31.8,0.0
31.81,0.0
31.82,0.0
31.83,0.0
31.84,0.0
31.85,0.0
31.86,0.0
31.87,0.0
31.88,0.0
31.89,0.0
31.9,0.0
31.91,0.0
31.92,0.0
31.93,0.0
31.94,0.0
31.95,0.0
31.96,0.0
31.97,0.0
31.98,0.0
31.99,0.0
32.0,0.0
32.01,0.0
32.02,0.0
32.03,0.0
32.04,0.0
32.05,0.0
32.06,0.0
32.07,0.0
32.08,0.0
32.09,0.0
32.1,0.0
32.11,0.0
32.12,0.0
32.13,0.0
32.14,0.0
32.15,0.0
32.16,0.0
32.17,0.0
32.18,0.0
32.19,0.0
32.2,0.0
32.21,0.0
32.22,0.0
32.23,0.0
32.24,0.0
32.25,0.0
32.26,0.0
32.27,0.0
32.28,0.0
32.29,0.0
32.3,0.0
32.31,0.002
32.32,0.006
32.33,0.021
32.34,0.06
32.35,0.154
32.36,0.358
32.37,0.75
32.38,1.413
32.39,2.396
32.4,3.657
32.41,5.025
32.42,6.222
32.43,6.954
32.44,7.042
32.45,6.521
32.46,5.633
32.47,4.715
32.48,4.049
32.49,3.742
32.5,3.708
32.51,3.743
32.52,3.642
32.53,3.296
32.54,2.723
32.55,2.037
32.56,1.375
32.57,0.836
32.58,0.458
32.59,0.226
32.6,0.1
32.61,0.04
32.62,0.014
32.63,0.005
32.64,0.001
32.65,0.0
32.66,0.0
32.67,0.0
32.68,0.0
32.69,0.0
32.7,0.0
32.71,0.0
32.72,0.0
32.73,0.0
32.74,0.0
32.75,0.0
32.76,0.0
32.77,0.0
32.78,0.0
32.79,0.0
32.8,0.0
32.81,0.0
32.82,0.0
32.83,0.0
32.84,0.0
32.85,0.0
32.86,0.0
32.87,0.0
32.88,0.0
32.89,0.0
32.9,0.0
32.91,0.0
32.92,0.0
32.93,0.0
32.94,0.0
32.95,0.0
32.96,0.0
32.97,0.0
32.98,0.0
32.99,0.0
33.0,0.0
33.01,0.0
33.02,0.0
33.03,0.0
33.04,0.0
33.05,0.0
33.06,0.0
33.07,0.0
33.08,0.0
33.09,0.0
33.1,0.0
33.11,0.0
33.12,0.0
33.13,0.0
33.14,0.0
33.15,0.0
33.16,0.0
33.17,0.0
33.18,0.0
33.19,0.0
33.2,0.0
33.21,0.0
33.22,0.0
33.23,0.0
33.24,0.0
33.25,0.0
33.26,0.0
33.27,0.0
33.28,0.0
33.29,0.002
33.3,0.008
33.31,0.027
33.32,0.083
33.33,0.231
33.34,0.578
33.35,1.301
33.36,2.641
33.37,4.829
33.38,7.958
33.39,11.819
33.4,15.823
33.41,19.109
33.42,20.855
33.43,20.653
33.44,18.742
33.45,15.921
33.46,13.2
33.47,11.351
33.48,10.616
33.49,10.692
33.5,10.949
33.51,10.779
33.52,9.862
33.53,8.263
33.54,6.335
33.55,4.515
33.56,3.133
33.57,2.326
33.58,2.039
33.59,2.095
33.6,2.276
33.61,2.395
33.62,2.346
33.63,2.124
33.64,1.802
33.65,1.491
33.66,1.276
33.67,1.188
33.68,1.196
33.69,1.229
33.7,1.217
33.71,1.12
33.72,0.942
33.73,0.718
33.74,0.494
33.75,0.307
33.76,0.172
33.77,0.087
33.78,0.039
33.79,0.016
33.8,0.006
33.81,0.002
33.82,0.001
33.83,0.0
33.84,0.0
33.85,0.0
33.86,0.0
33.87,0.0
33.88,0.0
33.89,0.0
33.9,0.0
33.91,0.0
33.92,0.0
33.93,0.0
33.94,0.0
33.95,0.0
33.96,0.0
33.97,0.0
33.98,0.0
33.99,0.0
34.0,0.0
34.01,0.0
34.02,0.0
34.03,0.0
34.04,0.0
34.05,0.0
34.06,0.0
34.07,0.0
34.08,0.0
34.09,0.0
34.1,0.0
34.11,0.001
34.12,0.001
34.13,0.001
34.14,0.002
34.15,0.003
34.16,0.003
34.17,0.004
34.18,0.005
34.19,0.01
34.2,0.026
34.21,0.075
34.22,0.204
34.23,0.506
34.24,1.134
34.25,2.296
34.26,4.194
34.27,6.911
34.28,10.276
34.29,13.787
34.3,16.701
34.31,18.292
34.32,18.177
34.33,16.526
34.34,14.01
34.35,11.513
34.36,9.753
34.37,9.011
34.38,9.081
34.39,9.439
34.4,9.513
34.41,8.943
34.42,7.692
34.43,6.002
34.44,4.235
34.45,2.698
34.46,1.551
34.47,0.804
34.48,0.376
34.49,0.159
34.5,0.06
34.51,0.021
34.52,0.006
34.53,0.002
34.54,0.0
34.55,0.0
34.56,0.0
34.57,0.0
34.58,0.0
34.59,0.0
34.6,0.0
34.61,0.0
34.62,0.0
34.63,0.0
34.64,0.0
34.65,0.0
34.66,0.0
34.67,0.0
34.68,0.0
34.69,0.0
34.7,0.0
34.71,0.0
34.72,0.0
34.73,0.0
34.74,0.0
34.75,0.0
34.76,0.0
34.77,0.0
34.78,0.0
34.79,0.0
34.8,0.0
34.81,0.0
34.82,0.0
34.83,0.0
34.84,0.0
34.85,0.0
34.86,0.0
34.87,0.0
34.88,0.0
34.89,0.0
34.9,0.0
34.91,0.0
34.92,0.0
34.93,0.0
34.94,0.0
34.95,0.0
34.96,0.0
34.97,0.0
34.98,0.0
34.99,0.0
35.0,0.001
35.01,0.004
35.02,0.013
35.03,0.038
35.04,0.099
35.05,0.234
35.06,0.5
35.07,0.967
35.08,1.685
35.09,2.653
35.1,3.772
35.11,4.844
35.12,5.622
35.13,5.91
35.14,5.65
35.15,4.966
35.16,4.11
35.17,3.36
35.18,2.901
35.19,2.773
35.2,2.87
35.21,3.01
35.22,3.019
35.23,2.805
35.24,2.378
35.25,1.828
35.26,1.271
35.27,0.798
35.28,0.453
35.29,0.232
35.3,0.107
35.31,0.045
35.32,0.017
35.33,0.006
35.34,0.002
35.35,0.0
35.36,0.0
35.37,0.0
35.38,0.0
35.39,0.0
35.4,0.0
35.41,0.0
35.42,0.0
35.43,0.0
35.44,0.0
35.45,0.0
35.46,0.0
35.47,0.0
35.48,0.0
35.49,0.0
35.5,0.0
35.51,0.0
35.52,0.0
35.53,0.0
35.54,0.0
35.55,0.0
35.56,0.0
35.57,0.0
35.58,0.0
35.59,0.0
35.6,0.0
35.61,0.0
35.62,0.0
35.63,0.0
35.64,0.0
35.65,0.0
35.66,0.0
35.67,0.0
35.68,0.0
35.69,0.0
35.7,0.0
35.71,0.0
35.72,0.0
35.73,0.0
35.74,0.0
35.75,0.0
35.76,0.0
35.77,0.0
35.78,0.0
35.79,0.0
35.8,0.0
35.81,0.0
35.82,0.0
35.83,0.0
35.84,0.0
35.85,0.0
35.86,0.0
35.87,0.0
35.88,0.0
35.89,0.0
35.9,0.0
35.91,0.0
35.92,0.0
35.93,0.0
35.94,0.0
35.95,0.0
35.96,0.0
35.97,0.0
35.98,0.0
35.99,0.0
36.0,0.0
36.01,0.0
36.02,0.0
36.03,0.0
36.04,0.0
36.05,0.0
36.06,0.0
36.07,0.0
36.08,0.0
36.09,0.0
36.1,0.0
36.11,0.0
36.12,0.0
36.13,0.0
36.14,0.0
36.15,0.0
36.16,0.0
36.17,0.0
36.18,0.0
36.19,0.0
36.2,0.0
36.21,0.0
36.22,0.0
36.23,0.0
36.24,0.0
36.25,0.0
36.26,0.0
36.27,0.0
36.28,0.0
36.29,0.0
36.3,0.0
36.31,0.0
36.32,0.0
36.33,0.0
36.34,0.0
36.35,0.0
36.36,0.0
36.37,0.0
36.38,0.0
36.39,0.0
36.4,0.0
36.41,0.0
36.42,0.0
36.43,0.0
36.44,0.0
36.45,0.0
36.46,0.0
36.47,0.0
36.48,0.0
36.49,0.0
36.5,0.0
36.51,0.0
36.52,0.0
36.53,0.0
36.54,0.0
36.55,0.0
36.56,0.0
36.57,0.0
36.58,0.0
36.59,0.0
36.6,0.0
36.61,0.0
36.62,0.0
36.63,0.0
36.64,0.0
36.65,0.0
36.66,0.0
36.67,0.0
36.68,0.0
36.69,0.0
36.7,0.0
36.71,0.0
36.72,0.0
36.73,0.0
36.74,0.0
36.75,0.0
36.76,0.0
36.77,0.0
36.78,0.0
36.79,0.002
36.8,0.006
36.81,0.018
36.82,0.049
36.83,0.12
36.84,0.266
36.85,0.535
36.86,0.973
36.87,1.6
36.88,2.382
36.89,3.209
36.9,3.913
36.91,4.322
36.92,4.333
36.93,3.964
36.94,3.352
36.95,2.698
36.96,2.189
36.97,1.928
36.98,1.912
36.99,2.045
37.0,2.19
37.01,2.223
37.02,2.083
37.03,1.78
37.04,1.38
37.05,0.969
37.06,0.616
37.07,0.354
37.08,0.184
37.09,0.087
37.1,0.037
37.11,0.014
37.12,0.005
37.13,0.002
37.14,0.0
37.15,0.0
37.16,0.0
37.17,0.0
37.18,0.0
37.19,0.0
37.2,0.0
37.21,0.0
37.22,0.0
37.23,0.0
37.24,0.0
37.25,0.0
37.26,0.0
37.27,0.0
37.28,0.0
37.29,0.0
37.3,0.0
37.31,0.0
37.32,0.001
37.33,0.002
37.34,0.007
37.35,0.022
37.36,0.059
37.37,0.146
37.38,0.328
37.39,0.669
37.4,1.236
37.41,2.071
37.42,3.145
37.43,4.33
37.44,5.406
37.45,6.123
37.46,6.301
37.47,5.913
37.48,5.108
37.49,4.152
37.5,3.328
37.51,2.826
37.52,2.692
37.53,2.833
37.54,3.068
37.55,3.207
37.56,3.121
37.57,2.783
37.58,2.259
37.59,1.664
37.6,1.112
37.61,0.673
37.62,0.369
37.63,0.183
37.64,0.083
37.65,0.034
37.66,0.012
37.67,0.004
37.68,0.001
37.69,0.0
37.7,0.0
37.71,0.0
37.72,0.0
37.73,0.001
37.74,0.003
37.75,0.009
37.76,0.024
37.77,0.059
37.78,0.134
37.79,0.273
37.8,0.506
37.81,0.847
37.82,1.286
37.83,1.768
37.84,2.202
37.85,2.487
37.86,2.551
37.87,2.388
37.88,2.065
37.89,1.701
37.9,1.42
37.91,1.31
37.92,1.395
37.93,1.63
37.94,1.92
37.95,2.151
37.96,2.23
37.97,2.117
37.98,1.837
37.99,1.462
38.0,1.084
38.01,0.776
38.02,0.575
38.03,0.482
38.04,0.467
38.05,0.487
38.06,0.504
38.07,0.49
38.08,0.442
38.09,0.372
38.1,0.308
38.11,0.288
38.12,0.355
38.13,0.553
38.14,0.919
38.15,1.464
38.16,2.148
38.17,2.87
38.18,3.479
38.19,3.827
38.2,3.824
38.21,3.487
38.22,2.933
38.23,2.338
38.24,1.866
38.25,1.612
38.26,1.585
38.27,1.712
38.28,1.875
38.29,1.961
38.3,1.898
38.31,1.679
38.32,1.35
38.33,0.985
38.34,0.651
38.35,0.39
38.36,0.212
38.37,0.104
38.38,0.046
38.39,0.019
38.4,0.007
38.41,0.003
38.42,0.002
38.43,0.003
38.44,0.008
38.45,0.019
38.46,0.043
38.47,0.087
38.48,0.16
38.49,0.266
38.5,0.402
38.51,0.55
38.52,0.683
38.53,0.768
38.54,0.785
38.55,0.731
38.56,0.626
38.57,0.503
38.58,0.398
38.59,0.335
38.6,0.325
38.61,0.364
38.62,0.447
38.63,0.583
38.64,0.809
38.65,1.188
38.66,1.8
38.67,2.69
38.68,3.825
38.69,5.051
38.7,6.121
38.71,6.766
38.72,6.813
38.73,6.263
38.74,5.302
38.75,4.229
38.76,3.339
38.77,2.824
38.78,2.721
38.79,2.923
38.8,3.235
38.81,3.447
38.82,3.414
38.83,3.096
38.84,2.554
38.85,1.913
38.86,1.299
38.87,0.8
38.88,0.447
38.89,0.227
38.9,0.108
38.91,0.055
38.92,0.047
38.93,0.079
38.94,0.157
38.95,0.301
38.96,0.526
38.97,0.834
38.98,1.199
38.99,1.565
39.0,1.852
39.01,1.99
39.02,1.944
39.03,1.736
39.04,1.434
39.05,1.129
39.06,0.9
39.07,0.789
39.08,0.792
39.09,0.869
39.1,0.961
39.11,1.008
39.12,0.978
39.13,0.866
39.14,0.698
39.15,0.51
39.16,0.338
39.17,0.204
39.18,0.111
39.19,0.055
39.2,0.025
39.21,0.01
39.22,0.004
39.23,0.001
39.24,0.0
39.25,0.0
39.26,0.0
39.27,0.0
39.28,0.0
39.29,0.0
39.3,0.0
39.31,0.0
39.32,0.0
39.33,0.0
39.34,0.0
39.35,0.0
39.36,0.0
39.37,0.0
39.38,0.0
39.39,0.0
39.4,0.0
39.41,0.0
39.42,0.0
39.43,0.0
39.44,0.0
39.45,0.0
39.46,0.0
39.47,0.0
39.48,0.0
39.49,0.0
39.5,0.0
39.51,0.0
39.52,0.0
39.53,0.0
39.54,0.002
39.55,0.006
39.56,0.019
39.57,0.055
39.58,0.144
39.59,0.347
39.6,0.756
39.61,1.496
39.62,2.684
39.63,4.372
39.64,6.462
39.65,8.667
39.66,10.553
39.67,11.668
39.68,11.729
39.69,10.754
39.7,9.069
39.71,7.187
39.72,5.613
39.73,4.68
39.74,4.469
39.75,4.817
39.76,5.404
39.77,5.872
39.78,5.947
39.79,5.521
39.8,4.669
39.81,3.589
39.82,2.504
39.83,1.586
39.84,0.912
39.85,0.475
39.86,0.225
39.87,0.097
39.88,0.038
39.89,0.013
39.9,0.004
39.91,0.001
39.92,0.0
39.93,0.0
39.94,0.0
39.95,0.0
39.96,0.0
39.97,0.0
39.98,0.0
39.99,0.0
40.0,0.0
40.01,0.001
40.02,0.004
40.03,0.009
40.04,0.02
40.05,0.04
40.06,0.073
40.07,0.121
40.08,0.183
40.09,0.25
40.1,0.312
40.11,0.353
40.12,0.362
40.13,0.339
40.14,0.292
40.15,0.233
40.16,0.181
40.17,0.146
40.18,0.134
40.19,0.141
40.2,0.158
40.21,0.176
40.22,0.183
40.23,0.176
40.24,0.154
40.25,0.123
40.26,0.089
40.27,0.058
40.28,0.035
40.29,0.019
40.3,0.009
40.31,0.004
40.32,0.002
40.33,0.001
40.34,0.0
40.35,0.0
40.36,0.001
40.37,0.002
40.38,0.006
40.39,0.015
40.4,0.038
40.41,0.087
40.42,0.178
40.43,0.331
40.44,0.561
40.45,0.863
40.46,1.206
40.47,1.531
40.48,1.766
40.49,1.851
40.5,1.768
40.51,1.545
40.52,1.251
40.53,0.969
40.54,0.766
40.55,0.674
40.56,0.687
40.57,0.77
40.58,0.868
40.59,0.928
40.6,0.917
40.61,0.828
40.62,0.681
40.63,0.509
40.64,0.345
40.65,0.213
40.66,0.119
40.67,0.061
40.68,0.028
40.69,0.012
40.7,0.004
40.71,0.002
40.72,0.0
40.73,0.0
40.74,0.0
40.75,0.0
40.76,0.0
40.77,0.0
40.78,0.0
40.79,0.0
40.8,0.0
40.81,0.0
40.82,0.0
40.83,0.0
40.84,0.0
40.85,0.0
40.86,0.0
40.87,0.0
40.88,0.0
40.89,0.0
40.9,0.0
40.91,0.0
40.92,0.0
40.93,0.0
40.94,0.0
40.95,0.0
40.96,0.0
40.97,0.0
40.98,0.0
40.99,0.0
41.0,0.0
41.01,0.0
41.02,0.0
41.03,0.0
41.04,0.0
41.05,0.0
41.06,0.0
41.07,0.0
41.08,0.0
41.09,0.0
41.1,0.0
41.11,0.0
41.12,0.0
41.13,0.0
41.14,0.0
41.15,0.0
41.16,0.0
41.17,0.0
41.18,0.0
41.19,0.0
41.2,0.0
41.21,0.0
41.22,0.0
41.23,0.0
41.24,0.0
41.25,0.0
41.26,0.0
41.27,0.0
41.28,0.0
41.29,0.0
41.3,0.0
41.31,0.0
41.32,0.0
41.33,0.0
41.34,0.0
41.35,0.0
41.36,0.0
41.37,0.0
41.38,0.0
41.39,0.0
41.4,0.0
41.41,0.0
41.42,0.0
41.43,0.0
41.44,0.0
41.45,0.0
41.46,0.0
41.47,0.0
41.48,0.0
41.49,0.0
41.5,0.0
41.51,0.0
41.52,0.0
41.53,0.0
41.54,0.0
41.55,0.001
41.56,0.005
41.57,0.013
41.58,0.035
41.59,0.083
41.6,0.181
41.61,0.358
41.62,0.643
41.63,1.052
41.64,1.565
41.65,2.116
41.66,2.602
41.67,2.912
41.68,2.966
41.69,2.756
41.7,2.348
41.71,1.861
41.72,1.422
41.73,1.126
41.74,1.015
41.75,1.072
41.76,1.239
41.77,1.435
41.78,1.583
41.79,1.631
41.8,1.565
41.81,1.406
41.82,1.193
41.83,0.964
41.84,0.747
41.85,0.558
41.86,0.402
41.87,0.282
41.88,0.2
41.89,0.155
41.9,0.146
41.91,0.169
41.92,0.22
41.93,0.294
41.94,0.389
41.95,0.501
41.96,0.624
41.97,0.742
41.98,0.833
41.99,0.875
42.0,0.852
42.01,0.766
42.02,0.638
42.03,0.497
42.04,0.376
42.05,0.298
42.06,0.271
42.07,0.289
42.08,0.333
42.09,0.379
42.1,0.408
42.11,0.404
42.12,0.365
42.13,0.301
42.14,0.226
42.15,0.154
42.16,0.096
42.17,0.055
42.18,0.03
42.19,0.022
42.2,0.035
42.21,0.087
42.22,0.226
42.23,0.542
42.24,1.188
42.25,2.367
42.26,4.295
42.27,7.091
42.28,10.653
42.29,14.565
42.3,18.123
42.31,20.527
42.32,21.174
42.33,19.922
42.34,17.167
42.35,13.705
42.36,10.435
42.37,8.079
42.38,6.993
42.39,7.136
42.4,8.135
42.41,9.418
42.42,10.396
42.43,10.628
42.44,9.951
42.45,8.498
42.46,6.61
42.47,4.679
42.48,3.015
42.49,1.768
42.5,0.943
42.51,0.458
42.52,0.202
42.53,0.081
42.54,0.03
42.55,0.01
42.56,0.003
42.57,0.001
42.58,0.0
42.59,0.0
42.6,0.0
42.61,0.0
42.62,0.0
42.63,0.0
42.64,0.0
42.65,0.0
42.66,0.0
42.67,0.0
42.68,0.0
42.69,0.0
42.7,0.0
42.71,0.0
42.72,0.0
42.73,0.0
42.74,0.0
42.75,0.0
42.76,0.0
42.77,0.0
42.78,0.0
42.79,0.0
42.8,0.001
42.81,0.002
42.82,0.007
42.83,0.021
42.84,0.056
42.85,0.136
42.86,0.299
42.87,0.596
42.88,1.085
42.89,1.797
42.9,2.71
42.91,3.721
42.92,4.654
42.93,5.302
42.94,5.504
42.95,5.214
42.96,4.526
42.97,3.641
42.98,2.798
42.99,2.195
43.0,1.944
43.01,2.051
43.02,2.428
43.03,2.921
43.04,3.348
43.05,3.555
43.06,3.461
43.07,3.078
43.08,2.5
43.09,1.86
43.1,1.28
43.11,0.835
43.12,0.551
43.13,0.409
43.14,0.367
43.15,0.379
43.16,0.404
43.17,0.412
43.18,0.389
43.19,0.337
43.2,0.267
43.21,0.192
43.22,0.126
43.23,0.075
43.24,0.041
43.25,0.02
43.26,0.009
43.27,0.004
43.28,0.001
43.29,0.0
43.3,0.0
43.31,0.0
43.32,0.0
43.33,0.0
43.34,0.001
43.35,0.003
43.36,0.008
43.37,0.021
43.38,0.053
43.39,0.118
43.4,0.241
43.41,0.449
43.42,0.76
43.43,1.175
43.44,1.653
43.45,2.119
43.46,2.476
43.47,2.637
43.48,2.562
43.49,2.276
43.5,1.861
43.51,1.426
43.52,1.071
43.53,0.86
43.54,0.809
43.55,0.892
43.56,1.05
43.57,1.213
43.58,1.313
43.59,1.309
43.6,1.193
43.61,0.992
43.62,0.751
43.63,0.519
43.64,0.326
43.65,0.187
43.66,0.098
43.67,0.046
43.68,0.02
43.69,0.008
43.7,0.003
43.71,0.001
43.72,0.0
43.73,0.0
43.74,0.0
43.75,0.0
43.76,0.0
43.77,0.0
43.78,0.0
43.79,0.0
43.8,0.0
43.81,0.0
43.82,0.0
43.83,0.0
43.84,0.0
43.85,0.0
43.86,0.0
43.87,0.0
43.88,0.0
43.89,0.0
43.9,0.0
43.91,0.0
43.92,0.0
43.93,0.0
43.94,0.0
43.95,0.0
43.96,0.0
43.97,0.0
43.98,0.0
43.99,0.0
44.0,0.0
44.01,0.001
44.02,0.002
44.03,0.005
44.04,0.014
44.05,0.035
44.06,0.08
44.07,0.164
44.08,0.308
44.09,0.527
44.1,0.822
44.11,1.169
44.12,1.515
44.13,1.791
44.14,1.931
44.15,1.9
44.16,1.709
44.17,1.413
44.18,1.088
44.19,0.811
44.2,0.632
44.21,0.57
44.22,0.613
44.23,0.723
44.24,0.851
44.25,0.947
44.26,0.972
44.27,0.914
44.28,0.784
44.29,0.614
44.3,0.439
44.31,0.286
44.32,0.169
44.33,0.092
44.34,0.045
44.35,0.02
44.36,0.008
44.37,0.003
44.38,0.001
44.39,0.0
44.4,0.0
44.41,0.0
44.42,0.0
44.43,0.0
44.44,0.0
44.45,0.0
44.46,0.0
44.47,0.0
44.48,0.0
44.49,0.0
44.5,0.0
44.51,0.0
44.52,0.0
44.53,0.0
44.54,0.0
44.55,0.0
44.56,0.0
44.57,0.0
44.58,0.0
44.59,0.0
44.6,0.0
44.61,0.0
44.62,0.0
44.63,0.0
44.64,0.0
44.65,0.0
44.66,0.0
44.67,0.0
44.68,0.0
44.69,0.0
44.7,0.0
44.71,0.001
44.72,0.002
44.73,0.006
44.74,0.017
44.75,0.046
44.76,0.111
44.77,0.246
44.78,0.494
44.79,0.907
44.8,1.519
44.81,2.321
44.82,3.235
44.83,4.114
44.84,4.774
44.85,5.056
44.86,4.889
44.87,4.327
44.88,3.523
44.89,2.68
44.9,1.984
44.91,1.554
44.92,1.426
44.93,1.563
44.94,1.866
44.95,2.21
44.96,2.466
44.97,2.542
44.98,2.411
44.99,2.114
45.0,1.749
45.01,1.435
45.02,1.281
45.03,1.354
45.04,1.664
45.05,2.155
45.06,2.715
45.07,3.199
45.08,3.47
45.09,3.448
45.1,3.136
45.11,2.618
45.12,2.029
45.13,1.502
45.14,1.137
45.15,0.978
45.16,1.016
45.17,1.195
45.18,1.435
45.19,1.644
45.2,1.747
45.21,1.704
45.22,1.52
45.23,1.237
45.24,0.92
45.25,0.624
45.26,0.386
45.27,0.218
45.28,0.112
45.29,0.053
45.3,0.023
45.31,0.009
45.32,0.003
45.33,0.001
45.34,0.0
45.35,0.0
45.36,0.0
45.37,0.0
45.38,0.0
45.39,0.0
45.4,0.0
45.41,0.0
45.42,0.0
45.43,0.0
45.44,0.0
45.45,0.0
45.46,0.0
45.47,0.0
45.48,0.0
45.49,0.0
45.5,0.0
45.51,0.0
45.52,0.0
45.53,0.0
45.54,0.0
45.55,0.0
45.56,0.0
45.57,0.0
45.58,0.0
45.59,0.0
45.6,0.0
45.61,0.0
45.62,0.0
45.63,0.0
45.64,0.0
45.65,0.0
45.66,0.0
45.67,0.0
45.68,0.0
45.69,0.0
45.7,0.0
45.71,0.0
45.72,0.0
45.73,0.0
45.74,0.0
45.75,0.0
45.76,0.0
45.77,0.0
45.78,0.0
45.79,0.0
45.8,0.0
45.81,0.0
45.82,0.0
45.83,0.0
45.84,0.0
45.85,0.0
45.86,0.0
45.87,0.0
45.88,0.0
45.89,0.0
45.9,0.0
45.91,0.0
45.92,0.0
45.93,0.0
45.94,0.0
45.95,0.0
45.96,0.0
45.97,0.0
45.98,0.0
45.99,0.0
46.0,0.001
46.01,0.002
46.02,0.005
46.03,0.012
46.04,0.027
46.05,0.056
46.06,0.106
46.07,0.185
46.08,0.294
46.09,0.426
46.1,0.566
46.11,0.685
46.12,0.759
46.13,0.767
46.14,0.71
46.15,0.603
46.16,0.473
46.17,0.35
46.18,0.258
46.19,0.209
46.2,0.205
46.21,0.237
46.22,0.289
46.23,0.342
46.24,0.378
46.25,0.386
46.26,0.36
46.27,0.307
46.28,0.239
46.29,0.17
46.3,0.111
46.31,0.066
46.32,0.036
46.33,0.018
46.34,0.008
46.35,0.003
46.36,0.001
46.37,0.0
46.38,0.0
46.39,0.0
46.4,0.0
46.41,0.0
46.42,0.0
46.43,0.0
46.44,0.0
46.45,0.0
46.46,0.0
46.47,0.0
46.48,0.0
46.49,0.0
46.5,0.0
46.51,0.0
46.52,0.0
46.53,0.0
46.54,0.0
46.55,0.0
46.56,0.0
46.57,0.0
46.58,0.0
46.59,0.0
46.6,0.0
46.61,0.0
46.62,0.0
46.63,0.0
46.64,0.0
46.65,0.0
46.66,0.0
46.67,0.0
46.68,0.0
46.69,0.0
46.7,0.0
46.71,0.0
46.72,0.0
46.73,0.0
46.74,0.0
46.75,0.0
46.76,0.0
46.77,0.0
46.78,0.0
46.79,0.0
46.8,0.0
46.81,0.0
46.82,0.0
46.83,0.0
46.84,0.0
46.85,0.0
46.86,0.0
46.87,0.0
46.88,0.0
46.89,0.0
46.9,0.0
46.91,0.0
46.92,0.0
46.93,0.0
46.94,0.0
46.95,0.0
46.96,0.0
46.97,0.0
46.98,0.0
46.99,0.0
47.0,0.0
47.01,0.0
47.02,0.0
47.03,0.0
47.04,0.0
47.05,0.0
47.06,0.0
47.07,0.0
47.08,0.0
47.09,0.0
47.1,0.0
47.11,0.0
47.12,0.0
47.13,0.0
47.14,0.0
47.15,0.0
47.16,0.0
47.17,0.0
47.18,0.0
47.19,0.0
47.2,0.0
47.21,0.0
47.22,0.0
47.23,0.0
47.24,0.0
47.25,0.0
47.26,0.0
47.27,0.002
47.28,0.005
47.29,0.015
47.3,0.04
47.31,0.101
47.32,0.23
47.33,0.481
47.34,0.923
47.35,1.621
47.36,2.609
47.37,3.842
47.38,5.181
47.39,6.395
47.4,7.225
47.41,7.472
47.42,7.076
47.43,6.145
47.44,4.917
47.45,3.674
47.46,2.66
47.47,2.025
47.48,1.818
47.49,1.993
47.5,2.436
47.51,2.985
47.52,3.464
47.53,3.723
47.54,3.676
47.55,3.326
47.56,2.754
47.57,2.087
47.58,1.447
47.59,0.918
47.6,0.533
47.61,0.284
47.62,0.14
47.63,0.065
47.64,0.032
47.65,0.02
47.66,0.018
47.67,0.019
47.68,0.021
47.69,0.023
47.7,0.022
47.71,0.022
47.72,0.024
47.73,0.033
47.74,0.058
47.75,0.11
47.76,0.206
47.77,0.36
47.78,0.58
47.79,0.855
47.8,1.155
47.81,1.428
47.82,1.616
47.83,1.673
47.84,1.587
47.85,1.381
47.86,1.109
47.87,0.836
47.88,0.624
47.89,0.517
47.9,0.542
47.91,0.712
47.92,1.02
47.93,1.44
47.94,1.917
47.95,2.372
47.96,2.714
47.97,2.867
47.98,2.793
47.99,2.509
48.0,2.079
48.01,1.595
48.02,1.146
48.03,0.8
48.04,0.59
48.05,0.519
48.06,0.566
48.07,0.694
48.08,0.855
48.09,0.997
48.1,1.076
48.11,1.067
48.12,0.969
48.13,0.806
48.14,0.613
48.15,0.427
48.16,0.272
48.17,0.159
48.18,0.085
48.19,0.041
48.2,0.019
48.21,0.008
48.22,0.003
48.23,0.001
48.24,0.0
48.25,0.0
48.26,0.0
48.27,0.0
48.28,0.0
48.29,0.0
48.3,0.0
48.31,0.0
48.32,0.0
48.33,0.0
48.34,0.0
48.35,0.0
48.36,0.0
48.37,0.0
48.38,0.0
48.39,0.0
48.4,0.0
48.41,0.0
48.42,0.0
48.43,0.0
48.44,0.0
48.45,0.0
48.46,0.0
48.47,0.0
48.48,0.0
48.49,0.0
48.5,0.0
48.51,0.0
48.52,0.0
48.53,0.0
48.54,0.0
48.55,0.0
48.56,0.0
48.57,0.0
48.58,0.0
48.59,0.0
48.6,0.0
48.61,0.0
48.62,0.0
48.63,0.0
48.64,0.0
48.65,0.0
48.66,0.0
48.67,0.0
48.68,0.0
48.69,0.0
48.7,0.0
48.71,0.0
48.72,0.0
48.73,0.0
48.74,0.0
48.75,0.0
48.76,0.0
48.77,0.0
48.78,0.0
48.79,0.0
48.8,0.0
48.81,0.0
48.82,0.0
48.83,0.0
48.84,0.0
48.85,0.0
48.86,0.0
48.87,0.0
48.88,0.0
48.89,0.0
48.9,0.0
48.91,0.0
48.92,0.0
48.93,0.0
48.94,0.0
48.95,0.0
48.96,0.0
48.97,0.0
48.98,0.0
48.99,0.0
49.0,0.0
49.01,0.0
49.02,0.0
49.03,0.0
49.04,0.0
49.05,0.0
49.06,0.0
49.07,0.0
49.08,0.0
49.09,0.0
49.1,0.0
49.11,0.0
49.12,0.0
49.13,0.0
49.14,0.0
49.15,0.0
49.16,0.0
49.17,0.0
49.18,0.0
49.19,0.0
49.2,0.0
49.21,0.0
49.22,0.0
49.23,0.0
49.24,0.0
49.25,0.0
49.26,0.0
49.27,0.0
49.28,0.0
49.29,0.0
49.3,0.0
49.31,0.0
49.32,0.0
49.33,0.0
49.34,0.0
49.35,0.0
49.36,0.0
49.37,0.0
49.38,0.0
49.39,0.0
49.4,0.0
49.41,0.0
49.42,0.0
49.43,0.0
49.44,0.0
49.45,0.001
49.46,0.002
49.47,0.004
49.48,0.006
49.49,0.01
49.5,0.015
49.51,0.019
49.52,0.023
49.53,0.026
49.54,0.026
49.55,0.025
49.56,0.021
49.57,0.017
49.58,0.012
49.59,0.009
49.6,0.007
49.61,0.006
49.62,0.007
49.63,0.009
49.64,0.011
49.65,0.013
49.66,0.015
49.67,0.016
49.68,0.015
49.69,0.013
49.7,0.01
49.71,0.008
49.72,0.005
49.73,0.003
49.74,0.002
49.75,0.001
49.76,0.001
49.77,0.001
49.78,0.001
49.79,0.001
49.8,0.001
49.81,0.001
49.82,0.002
49.83,0.003
49.84,0.005
49.85,0.012
49.86,0.026
49.87,0.053
49.88,0.099
49.89,0.169
49.9,0.265
49.91,0.382
49.92,0.505
49.93,0.612
49.94,0.679
49.95,0.692
49.96,0.646
49.97,0.554
49.98,0.438
49.99,0.322
50.0,0.227
50.01,0.166
50.02,0.143
50.03,0.154
50.04,0.191
50.05,0.243
50.06,0.296
50.07,0.334
50.08,0.347
50.09,0.332
50.1,0.29
50.11,0.233
50.12,0.171
50.13,0.116
50.14,0.072
50.15,0.041
50.16,0.021
50.17,0.01
50.18,0.004
50.19,0.002
50.2,0.001
50.21,0.0
50.22,0.001
50.23,0.003
50.24,0.008
50.25,0.022
50.26,0.053
50.27,0.118
50.28,0.242
50.29,0.454
50.3,0.781
50.31,1.233
50.32,1.784
50.33,2.367
50.34,2.881
50.35,3.216
50.36,3.293
50.37,3.094
50.38,2.669
50.39,2.121
50.4,1.566
50.41,1.104
50.42,0.795
50.43,0.663
50.44,0.697
50.45,0.863
50.46,1.106
50.47,1.362
50.48,1.561
50.49,1.65
50.5,1.601
50.51,1.427
50.52,1.169
50.53,0.884
50.54,0.629
50.55,0.449
50.56,0.373
50.57,0.424
50.58,0.621
50.59,0.974
50.6,1.471
50.61,2.067
50.62,2.675
50.63,3.18
50.64,3.468
50.65,3.47
50.66,3.187
50.67,2.69
50.68,2.095
50.69,1.523
50.7,1.069
50.71,0.789
50.72,0.697
50.73,0.776
50.74,0.984
50.75,1.263
50.76,1.539
50.77,1.741
50.78,1.812
50.79,1.733
50.8,1.521
50.81,1.227
50.82,0.91
50.83,0.627
50.84,0.411
50.85,0.275
50.86,0.218
50.87,0.228
50.88,0.294
50.89,0.402
50.9,0.538
50.91,0.687
50.92,0.831
50.93,0.951
50.94,1.027
50.95,1.044
50.96,0.998
50.97,0.895
50.98,0.755
50.99,0.603
51.0,0.466
51.01,0.367
51.02,0.313
51.03,0.305
51.04,0.333
51.05,0.383
51.06,0.439
51.07,0.486
51.08,0.511
51.09,0.507
51.1,0.472
51.11,0.411
51.12,0.334
51.13,0.256
51.14,0.191
51.15,0.151
51.16,0.146
51.17,0.18
51.18,0.254
51.19,0.361
51.2,0.488
51.21,0.611
51.22,0.704
51.23,0.746
51.24,0.726
51.25,0.649
51.26,0.534
51.27,0.405
51.28,0.289
51.29,0.202
51.3,0.152
51.31,0.141
51.32,0.164
51.33,0.211
51.34,0.271
51.35,0.328
51.36,0.373
51.37,0.398
51.38,0.412
51.39,0.438
51.4,0.513
51.41,0.684
51.42,0.988
51.43,1.445
51.44,2.028
51.45,2.663
51.46,3.235
51.47,3.618
51.48,3.72
51.49,3.514
51.5,3.051
51.51,2.439
51.52,1.808
51.53,1.269
51.54,0.893
51.55,0.709
51.56,0.71
51.57,0.866
51.58,1.126
51.59,1.423
51.6,1.683
51.61,1.838
51.62,1.847
51.63,1.704
51.64,1.444
51.65,1.124
51.66,0.803
51.67,0.526
51.68,0.317
51.69,0.175
51.7,0.089
51.71,0.041
51.72,0.018
51.73,0.007
51.74,0.003
51.75,0.001
51.76,0.0
51.77,0.0
51.78,0.0
51.79,0.0
51.8,0.0
51.81,0.0
51.82,0.0
51.83,0.0
51.84,0.0
51.85,0.0
51.86,0.0
51.87,0.0
51.88,0.0
51.89,0.0
51.9,0.0
51.91,0.0
51.92,0.0
51.93,0.0
51.94,0.0
51.95,0.0
51.96,0.0
51.97,0.0
51.98,0.0
51.99,0.0
52.0,0.0
52.01,0.001
52.02,0.002
52.03,0.005
52.04,0.012
52.05,0.03
52.06,0.065
52.07,0.129
52.08,0.238
52.09,0.403
52.1,0.625
52.11,0.892
52.12,1.17
52.13,1.408
52.14,1.558
52.15,1.583
52.16,1.478
52.17,1.269
52.18,1.004
52.19,0.737
52.2,0.513
52.21,0.36
52.22,0.287
52.23,0.292
52.24,0.36
52.25,0.472
52.26,0.6
52.27,0.713
52.28,0.782
52.29,0.79
52.3,0.733
52.31,0.625
52.32,0.49
52.33,0.353
52.34,0.236
52.35,0.148
52.36,0.092
52.37,0.067
52.38,0.067
52.39,0.091
52.4,0.137
52.41,0.209
52.42,0.314
52.43,0.465
52.44,0.679
52.45,0.972
52.46,1.352
52.47,1.8
52.48,2.269
52.49,2.691
52.5,2.987
52.51,3.102
52.52,3.018
52.53,2.76
52.54,2.387
52.55,1.968
52.56,1.57
52.57,1.244
52.58,1.022
52.59,0.918
52.6,0.93
52.61,1.037
52.62,1.201
52.63,1.372
52.64,1.502
52.65,1.551
52.66,1.504
52.67,1.369
52.68,1.171
52.69,0.944
52.7,0.719
52.71,0.518
52.72,0.352
52.73,0.226
52.74,0.136
52.75,0.077
52.76,0.041
52.77,0.02
52.78,0.009
52.79,0.004
52.8,0.002
52.81,0.001
52.82,0.0
52.83,0.0
52.84,0.0
52.85,0.0
52.86,0.0
52.87,0.0
52.88,0.0
52.89,0.0
52.9,0.0
52.91,0.0
52.92,0.0
52.93,0.0
52.94,0.0
52.95,0.0
52.96,0.0
52.97,0.0
52.98,0.0
52.99,0.0
53.0,0.0
53.01,0.0
53.02,0.0
53.03,0.0
53.04,0.0
53.05,0.0
53.06,0.0
53.07,0.0
53.08,0.0
53.09,0.001
53.1,0.003
53.11,0.009
53.12,0.02
53.13,0.042
53.14,0.081
53.15,0.145
53.16,0.238
53.17,0.358
53.18,0.497
53.19,0.633
53.2,0.741
53.21,0.799
53.22,0.791
53.23,0.721
53.24,0.605
53.25,0.468
53.26,0.337
53.27,0.231
53.28,0.162
53.29,0.133
53.3,0.141
53.31,0.178
53.32,0.236
53.33,0.302
53.34,0.359
53.35,0.395
53.36,0.4
53.37,0.372
53.38,0.319
53.39,0.251
53.4,0.182
53.41,0.121
53.42,0.075
53.43,0.043
53.44,0.024
53.45,0.014
53.46,0.012
53.47,0.013
53.48,0.018
53.49,0.024
53.5,0.031
53.51,0.039
53.52,0.046
53.53,0.055
53.54,0.069
53.55,0.089
53.56,0.119
53.57,0.158
53.58,0.202
53.59,0.243
53.6,0.273
53.61,0.285
53.62,0.275
53.63,0.247
53.64,0.206
53.65,0.161
53.66,0.119
53.67,0.087
53.68,0.067
53.69,0.059
53.7,0.062
53.71,0.075
53.72,0.094
53.73,0.114
53.74,0.131
53.75,0.14
53.76,0.138
53.77,0.125
53.78,0.106
53.79,0.083
53.8,0.063
53.81,0.051
53.82,0.052
53.83,0.074
53.84,0.122
53.85,0.204
53.86,0.323
53.87,0.473
53.88,0.64
53.89,0.797
53.9,0.913
53.91,0.962
53.92,0.933
53.93,0.832
53.94,0.684
53.95,0.52
53.96,0.368
53.97,0.251
53.98,0.177
53.99,0.15
54.0,0.165
54.01,0.215
54.02,0.286
54.03,0.365
54.04,0.434
54.05,0.478
54.06,0.489
54.07,0.473
54.08,0.448
54.09,0.452
54.1,0.532
54.11,0.743
54.12,1.133
54.13,1.725
54.14,2.498
54.15,3.369
54.16,4.2
54.17,4.825
54.18,5.105
54.19,4.971
54.2,4.456
54.21,3.68
54.22,2.807
54.23,1.994
54.24,1.356
54.25,0.949
54.26,0.787
54.27,0.849
54.28,1.096
54.29,1.471
54.3,1.903
54.31,2.309
54.32,2.623
54.33,2.814
54.34,2.915
54.35,3.017
54.36,3.241
54.37,3.689
54.38,4.394
54.39,5.287
54.4,6.204
54.41,6.927
54.42,7.259
54.43,7.089
54.44,6.429
54.45,5.409
54.46,4.229
54.47,3.096
54.48,2.173
54.49,1.555
54.5,1.273
54.51,1.306
54.52,1.603
54.53,2.08
54.54,2.634
54.55,3.143
54.56,3.493
54.57,3.602
54.58,3.44
54.59,3.041
54.6,2.487
54.61,1.882
54.62,1.316
54.63,0.851
54.64,0.508
54.65,0.28
54.66,0.143
54.67,0.067
54.68,0.029
54.69,0.012
54.7,0.005
54.71,0.004
54.72,0.007
54.73,0.015
54.74,0.032
54.75,0.064
54.76,0.116
54.77,0.194
54.78,0.298
54.79,0.422
54.8,0.551
54.81,0.662
54.82,0.732
54.83,0.746
54.84,0.699
54.85,0.604
54.86,0.481
54.87,0.355
54.88,0.246
54.89,0.166
54.9,0.121
54.91,0.11
54.92,0.129
54.93,0.172
54.94,0.23
54.95,0.291
54.96,0.342
54.97,0.37
54.98,0.37
54.99,0.341
55.0,0.289
55.01,0.225
55.02,0.162
55.03,0.107
55.04,0.065
55.05,0.037
55.06,0.019
55.07,0.01
55.08,0.006
55.09,0.007
55.1,0.015
55.11,0.036
55.12,0.08
55.13,0.163
55.14,0.307
55.15,0.533
55.16,0.851
55.17,1.253
55.18,1.699
55.19,2.122
55.2,2.441
55.21,2.586
55.22,2.523
55.23,2.268
55.24,1.88
55.25,1.439
55.26,1.024
55.27,0.692
55.28,0.474
55.29,0.375
55.3,0.388
55.31,0.495
55.32,0.671
55.33,0.882
55.34,1.084
55.35,1.234
55.36,1.295
55.37,1.252
55.38,1.116
55.39,0.915
55.4,0.692
55.41,0.482
55.42,0.309
55.43,0.182
55.44,0.099
55.45,0.05
55.46,0.023
55.47,0.01
55.48,0.004
55.49,0.001
55.5,0.0
55.51,0.0
55.52,0.0
55.53,0.0
55.54,0.0
55.55,0.0
55.56,0.0
55.57,0.001
55.58,0.001
55.59,0.002
55.6,0.003
55.61,0.005
55.62,0.006
55.63,0.008
55.64,0.009
55.65,0.009
55.66,0.009
55.67,0.008
55.68,0.007
55.69,0.005
55.7,0.004
55.71,0.003
55.72,0.002
55.73,0.001
55.74,0.001
55.75,0.002
55.76,0.002
55.77,0.003
55.78,0.004
55.79,0.004
55.8,0.005
55.81,0.005
55.82,0.004
55.83,0.003
55.84,0.003
55.85,0.002
55.86,0.001
55.87,0.001
55.88,0.0
55.89,0.0
55.9,0.0
55.91,0.0
55.92,0.0
55.93,0.0
55.94,0.0
55.95,0.0
55.96,0.0
55.97,0.0
55.98,0.0
55.99,0.0
56.0,0.0
56.01,0.0
56.02,0.0
56.03,0.0
56.04,0.0
56.05,0.0
56.06,0.0
56.07,0.0
56.08,0.0
56.09,0.0
56.1,0.0
56.11,0.0
56.12,0.0
56.13,0.0
56.14,0.0
56.15,0.0
56.16,0.0
56.17,0.0
56.18,0.0
56.19,0.0
56.2,0.0
56.21,0.0
56.22,0.0
56.23,0.0
56.24,0.0
56.25,0.0
56.26,0.0
56.27,0.0
56.28,0.0
56.29,0.0
56.3,0.0
56.31,0.0
56.32,0.0
56.33,0.0
56.34,0.0
56.35,0.0
56.36,0.0
56.37,0.0
56.38,0.0
56.39,0.0
56.4,0.0
56.41,0.0
56.42,0.0
56.43,0.0
56.44,0.0
56.45,0.0
56.46,0.0
56.47,0.0
56.48,0.0
56.49,0.0
56.5,0.0
56.51,0.0
56.52,0.0
56.53,0.0
56.54,0.0
56.55,0.0
56.56,0.0
56.57,0.0
56.58,0.001
56.59,0.002
56.6,0.005
56.61,0.012
56.62,0.025
56.63,0.05
56.64,0.09
56.65,0.151
56.66,0.234
56.67,0.333
56.68,0.437
56.69,0.529
56.7,0.591
56.71,0.609
56.72,0.578
56.73,0.507
56.74,0.41
56.75,0.308
56.76,0.216
56.77,0.147
56.78,0.105
56.79,0.091
56.8,0.103
56.81,0.137
56.82,0.186
56.83,0.242
56.84,0.294
56.85,0.331
56.86,0.346
56.87,0.333
56.88,0.297
56.89,0.245
56.9,0.186
56.91,0.132
56.92,0.088
56.93,0.059
56.94,0.044
56.95,0.041
56.96,0.05
56.97,0.067
56.98,0.09
56.99,0.114
57.0,0.136
57.01,0.153
57.02,0.17
57.03,0.196
57.04,0.252
57.05,0.37
57.06,0.589
57.07,0.949
57.08,1.472
57.09,2.144
57.1,2.901
57.11,3.634
57.12,4.204
57.13,4.492
57.14,4.431
57.15,4.037
57.16,3.399
57.17,2.649
57.18,1.919
57.19,1.31
57.2,0.877
57.21,0.637
57.22,0.582
57.23,0.691
57.24,0.935
57.25,1.27
57.26,1.638
57.27,1.965
57.28,2.182
57.29,2.236
57.3,2.115
57.31,1.845
57.32,1.485
57.33,1.103
57.34,0.755
57.35,0.477
57.36,0.278
57.37,0.15
57.38,0.074
57.39,0.034
57.4,0.014
57.41,0.006
57.42,0.002
57.43,0.001
57.44,0.0
57.45,0.0
57.46,0.0
57.47,0.0
57.48,0.0
57.49,0.0
57.5,0.0
57.51,0.001
57.52,0.002
57.53,0.006
57.54,0.013
57.55,0.028
57.56,0.054
57.57,0.096
57.58,0.158
57.59,0.24
57.6,0.336
57.61,0.434
57.62,0.518
57.63,0.57
57.64,0.579
57.65,0.543
57.66,0.47
57.67,0.375
57.68,0.278
57.69,0.192
57.7,0.126
57.71,0.086
57.72,0.069
57.73,0.075
57.74,0.1
57.75,0.139
57.76,0.186
57.77,0.232
57.78,0.27
57.79,0.289
57.8,0.286
57.81,0.261
57.82,0.22
57.83,0.171
57.84,0.123
57.85,0.081
57.86,0.05
57.87,0.028
57.88,0.015
57.89,0.007
57.9,0.003
57.91,0.001
57.92,0.0
57.93,0.0
57.94,0.0
57.95,0.0
57.96,0.0
57.97,0.0
57.98,0.0
57.99,0.0
58.0,0.0
58.01,0.0
58.02,0.0
58.03,0.0
58.04,0.0
58.05,0.0
58.06,0.0
58.07,0.0
58.08,0.0
58.09,0.0
58.1,0.0
58.11,0.0
58.12,0.0
58.13,0.0
58.14,0.0
58.15,0.0
58.16,0.0
58.17,0.0
58.18,0.001
58.19,0.003
58.2,0.009
58.21,0.022
58.22,0.051
58.23,0.107
58.24,0.206
58.25,0.369
58.26,0.609
58.27,0.928
58.28,1.307
58.29,1.698
58.3,2.038
58.31,2.258
58.32,2.31
58.33,2.183
58.34,1.905
58.35,1.536
58.36,1.146
58.37,0.797
58.38,0.529
58.39,0.359
58.4,0.291
58.41,0.322
58.42,0.447
58.43,0.659
58.44,0.942
58.45,1.263
58.46,1.579
58.47,1.833
58.48,1.977
58.49,1.981
58.5,1.844
58.51,1.596
58.52,1.284
58.53,0.964
58.54,0.678
58.55,0.454
58.56,0.301
58.57,0.213
58.58,0.178
58.59,0.185
58.6,0.221
58.61,0.277
58.62,0.343
58.63,0.408
58.64,0.458
58.65,0.482
58.66,0.475
58.67,0.435
58.68,0.371
58.69,0.294
58.7,0.219
58.71,0.154
58.72,0.107
58.73,0.079
58.74,0.069
58.75,0.078
58.76,0.114
58.77,0.193
58.78,0.343
58.79,0.6
58.8,0.999
58.81,1.557
58.82,2.255
58.83,3.028
58.84,3.76
58.85,4.316
58.86,4.577
58.87,4.486
58.88,4.061
58.89,3.398
58.9,2.629
58.91,1.887
58.92,1.268
58.93,0.826
58.94,0.571
58.95,0.496
58.96,0.582
58.97,0.806
58.98,1.14
58.99,1.542
59.0,1.957
59.01,2.32
59.02,2.577
59.03,2.697
59.04,2.68
59.05,2.551
59.06,2.349
59.07,2.109
59.08,1.855
59.09,1.597
59.1,1.341
59.11,1.091
59.12,0.855
59.13,0.643
59.14,0.465
59.15,0.329
59.16,0.24
59.17,0.199
59.18,0.202
59.19,0.245
59.2,0.319
59.21,0.411
59.22,0.505
59.23,0.591
59.24,0.664
59.25,0.731
59.26,0.816
59.27,0.958
59.28,1.196
59.29,1.557
59.3,2.038
59.31,2.594
59.32,3.136
59.33,3.554
59.34,3.752
59.35,3.674
59.36,3.333
59.37,2.799
59.38,2.177
59.39,1.575
59.4,1.073
59.41,0.717
59.42,0.517
59.43,0.467
59.44,0.55
59.45,0.743
59.46,1.019
59.47,1.336
59.48,1.643
59.49,1.88
59.5,1.999
59.51,1.971
59.52,1.802
59.53,1.526
59.54,1.198
59.55,0.872
59.56,0.591
59.57,0.376
59.58,0.231
59.59,0.146
59.6,0.105
59.61,0.091
59.62,0.091
59.63,0.095
59.64,0.096
59.65,0.091
59.66,0.081
59.67,0.066
59.68,0.05
59.69,0.035
59.7,0.023
59.71,0.014
59.72,0.008
59.73,0.004
59.74,0.002
59.75,0.001
59.76,0.0
59.77,0.0
59.78,0.0
59.79,0.0
59.8,0.0
59.81,0.0
59.82,0.0
59.83,0.0
59.84,0.0
59.85,0.0
59.86,0.0
59.87,0.0
59.88,0.0
59.89,0.0
59.9,0.0
59.91,0.0
59.92,0.0
59.93,0.0
59.94,0.0
59.95,0.0
59.96,0.0
59.97,0.0
59.98,0.0
59.99,0.0
60.0,0.0
60.01,0.0
60.02,0.0
60.03,0.0
60.04,0.0
60.05,0.0
60.06,0.0
60.07,0.001
60.08,0.002
60.09,0.005
60.1,0.009
60.11,0.015
60.12,0.025
60.13,0.038
60.14,0.055
60.15,0.077
60.16,0.108
60.17,0.151
60.18,0.212
60.19,0.295
60.2,0.4
60.21,0.521
60.22,0.644
60.23,0.746
60.24,0.807
60.25,0.812
60.26,0.76
60.27,0.665
60.28,0.549
60.29,0.439
60.3,0.356
60.31,0.315
60.32,0.319
60.33,0.362
60.34,0.432
60.35,0.513
60.36,0.591
60.37,0.653
60.38,0.689
60.39,0.695
60.4,0.669
60.41,0.616
60.42,0.539
60.43,0.449
60.44,0.356
60.45,0.271
60.46,0.205
60.47,0.164
60.48,0.153
60.49,0.172
60.5,0.221
60.51,0.301
60.52,0.411
60.53,0.549
60.54,0.711
60.55,0.884
60.56,1.047
60.57,1.174
60.58,1.238
60.59,1.222
60.6,1.125
60.61,0.964
60.62,0.767
60.63,0.567
60.64,0.39
60.65,0.254
60.66,0.163
60.67,0.118
60.68,0.112
60.69,0.143
60.7,0.204
60.71,0.288
60.72,0.384
60.73,0.476
60.74,0.547
60.75,0.582
60.76,0.573
60.77,0.522
60.78,0.439
60.79,0.342
60.8,0.247
60.81,0.164
60.82,0.101
60.83,0.058
60.84,0.031
60.85,0.015
60.86,0.007
60.87,0.003
60.88,0.001
60.89,0.0
60.9,0.0
60.91,0.0
60.92,0.0
60.93,0.0
60.94,0.0
60.95,0.0
60.96,0.0
60.97,0.0
60.98,0.0
60.99,0.0
61.0,0.0
61.01,0.0
61.02,0.0
61.03,0.0
61.04,0.0
61.05,0.0
61.06,0.0
61.07,0.001
61.08,0.003
61.09,0.006
61.1,0.015
61.11,0.031
61.12,0.062
61.13,0.113
61.14,0.19
61.15,0.297
61.16,0.43
61.17,0.576
61.18,0.714
61.19,0.819
61.2,0.869
61.21,0.854
61.22,0.776
61.23,0.653
61.24,0.509
61.25,0.368
61.26,0.248
61.27,0.159
61.28,0.104
61.29,0.08
61.3,0.084
61.31,0.112
61.32,0.162
61.33,0.228
61.34,0.3
61.35,0.366
61.36,0.415
61.37,0.436
61.38,0.423
61.39,0.38
61.4,0.316
61.41,0.243
61.42,0.174
61.43,0.117
61.44,0.077
61.45,0.058
61.46,0.063
61.47,0.098
61.48,0.172
61.49,0.299
61.5,0.488
61.51,0.741
61.52,1.041
61.53,1.355
61.54,1.632
61.55,1.82
61.56,1.879
61.57,1.795
61.58,1.589
61.59,1.302
61.6,0.988
61.61,0.696
61.62,0.46
61.63,0.292
61.64,0.196
61.65,0.163
61.66,0.188
61.67,0.264
61.68,0.381
61.69,0.528
61.7,0.683
61.71,0.82
61.72,0.912
61.73,0.939
61.74,0.895
61.75,0.79
61.76,0.646
61.77,0.49
61.78,0.347
61.79,0.235
61.8,0.164
61.81,0.142
61.82,0.176
61.83,0.276
61.84,0.456
61.85,0.723
61.86,1.073
61.87,1.477
61.88,1.885
61.89,2.228
61.9,2.438
61.91,2.471
61.92,2.32
61.93,2.019
61.94,1.631
61.95,1.23
61.96,0.878
61.97,0.615
61.98,0.456
61.99,0.4
62.0,0.433
62.01,0.539
62.02,0.699
62.03,0.891
62.04,1.091
62.05,1.27
62.06,1.399
62.07,1.452
62.08,1.415
62.09,1.291
62.1,1.102
62.11,0.878
62.12,0.655
62.13,0.462
62.14,0.315
62.15,0.219
62.16,0.17
62.17,0.155
62.18,0.16
62.19,0.174
62.2,0.185
62.21,0.186
62.22,0.174
62.23,0.152
62.24,0.123
62.25,0.092
62.26,0.064
62.27,0.041
62.28,0.025
62.29,0.014
62.3,0.007
62.31,0.003
62.32,0.001
62.33,0.001
62.34,0.0
62.35,0.0
62.36,0.0
62.37,0.0
62.38,0.0
62.39,0.0
62.4,0.0
62.41,0.0
62.42,0.0
62.43,0.0
62.44,0.0
62.45,0.0
62.46,0.0
62.47,0.0
62.48,0.0
62.49,0.0
62.5,0.0
62.51,0.0
62.52,0.0
62.53,0.001
62.54,0.003
62.55,0.007
62.56,0.016
62.57,0.034
62.58,0.069
62.59,0.128
62.6,0.222
62.61,0.358
62.62,0.535
62.63,0.744
62.64,0.966
62.65,1.171
62.66,1.332
62.67,1.427
62.68,1.449
62.69,1.4
62.7,1.295
62.71,1.152
62.72,0.987
62.73,0.815
62.74,0.65
62.75,0.504
62.76,0.391
62.77,0.32
62.78,0.297
62.79,0.323
62.8,0.393
62.81,0.495
62.82,0.617
62.83,0.747
62.84,0.878
62.85,1.008
62.86,1.133
62.87,1.251
62.88,1.349
62.89,1.409
62.9,1.415
62.91,1.356
62.92,1.24
62.93,1.095
62.94,0.967
62.95,0.913
62.96,0.984
62.97,1.218
62.98,1.627
62.99,2.18
63.0,2.807
63.01,3.405
63.02,3.861
63.03,4.085
63.04,4.034
63.05,3.727
63.06,3.232
63.07,2.643
63.08,2.05
63.09,1.522
63.1,1.095
63.11,0.785
63.12,0.595
63.13,0.521
63.14,0.562
63.15,0.71
63.16,0.947
63.17,1.24
63.18,1.541
63.19,1.789
63.2,1.933
63.21,1.937
63.22,1.801
63.23,1.554
63.24,1.247
63.25,0.939
63.26,0.678
63.27,0.498
63.28,0.419
63.29,0.443
63.3,0.564
63.31,0.765
63.32,1.014
63.33,1.27
63.34,1.483
63.35,1.609
63.36,1.619
63.37,1.51
63.38,1.306
63.39,1.047
63.4,0.779
63.41,0.539
63.42,0.35
63.43,0.219
63.44,0.145
63.45,0.122
63.46,0.143
63.47,0.205
63.48,0.301
63.49,0.424
63.5,0.558
63.51,0.682
63.52,0.774
63.53,0.814
63.54,0.793
63.55,0.717
63.56,0.601
63.57,0.466
63.58,0.336
63.59,0.224
63.6,0.139
63.61,0.079
63.62,0.042
63.63,0.021
63.64,0.01
63.65,0.004
63.66,0.002
63.67,0.001
63.68,0.0
63.69,0.0
63.7,0.0
63.71,0.0
63.72,0.0
63.73,0.0
63.74,0.0
63.75,0.0
63.76,0.0
63.77,0.0
63.78,0.0
63.79,0.0
63.8,0.0
63.81,0.0
63.82,0.0
63.83,0.0
63.84,0.0
63.85,0.0
63.86,0.0
63.87,0.0
63.88,0.0
63.89,0.0
63.9,0.0
63.91,0.0
63.92,0.0
63.93,0.0
63.94,0.0
63.95,0.0
63.96,0.0
63.97,0.0
63.98,0.0
63.99,0.0
64.0,0.0
64.01,0.0
64.02,0.0
64.03,0.0
64.04,0.0
64.05,0.0
64.06,0.0
64.07,0.0
64.08,0.0
64.09,0.001
64.1,0.002
64.11,0.004
64.12,0.01
64.13,0.021
64.14,0.04
64.15,0.074
64.16,0.126
64.17,0.197
64.18,0.288
64.19,0.39
64.2,0.49
64.21,0.57
64.22,0.616
64.23,0.617
64.24,0.573
64.25,0.494
64.26,0.395
64.27,0.293
64.28,0.202
64.29,0.131
64.3,0.081
64.31,0.053
64.32,0.044
64.33,0.051
64.34,0.075
64.35,0.115
64.36,0.172
64.37,0.245
64.38,0.334
64.39,0.436
64.4,0.551
64.41,0.675
64.42,0.803
64.43,0.925
64.44,1.027
64.45,1.094
64.46,1.114
64.47,1.084
64.48,1.015
64.49,0.924
64.5,0.832
64.51,0.751
64.52,0.686
64.53,0.631
64.54,0.58
64.55,0.524
64.56,0.466
64.57,0.413
64.58,0.376
64.59,0.364
64.6,0.379
64.61,0.415
64.62,0.46
64.63,0.499
64.64,0.52
64.65,0.517
64.66,0.494
64.67,0.461
64.68,0.429
64.69,0.408
64.7,0.406
64.71,0.422
64.72,0.457
64.73,0.51
64.74,0.581
64.75,0.671
64.76,0.776
64.77,0.889
64.78,0.994
64.79,1.07
64.8,1.099
64.81,1.067
64.82,0.975
64.83,0.834
64.84,0.668
64.85,0.501
64.86,0.354
64.87,0.24
64.88,0.165
64.89,0.128
64.9,0.123
64.91,0.145
64.92,0.189
64.93,0.25
64.94,0.321
64.95,0.396
64.96,0.464
64.97,0.515
64.98,0.541
64.99,0.535
65.0,0.501
65.01,0.449
65.02,0.399
65.03,0.375
65.04,0.402
65.05,0.507
65.06,0.709
65.07,1.016
65.08,1.425
65.09,1.912
65.1,2.437
65.11,2.946
65.12,3.376
65.13,3.671
65.14,3.785
65.15,3.7
65.16,3.426
65.17,3.007
65.18,2.51
65.19,2.014
65.2,1.587
65.21,1.275
65.22,1.096
65.23,1.042
65.24,1.088
65.25,1.202
65.26,1.353
65.27,1.52
65.28,1.685
65.29,1.833
65.3,1.949
65.31,2.016
65.32,2.017
65.33,1.94
65.34,1.785
65.35,1.567
65.36,1.311
65.37,1.051
65.38,0.82
65.39,0.638
65.4,0.514
65.41,0.441
65.42,0.402
65.43,0.38
65.44,0.358
65.45,0.329
65.46,0.295
65.47,0.266
65.48,0.259
65.49,0.288
65.5,0.37
65.51,0.511
65.52,0.705
65.53,0.934
65.54,1.164
65.55,1.354
65.56,1.464
65.57,1.472
65.58,1.374
65.59,1.191
65.6,0.958
65.61,0.716
65.62,0.498
65.63,0.324
65.64,0.2
65.65,0.125
65.66,0.093
65.67,0.099
65.68,0.137
65.69,0.207
65.7,0.304
65.71,0.42
65.72,0.541
65.73,0.646
65.74,0.718
65.75,0.74
65.76,0.709
65.77,0.631
65.78,0.521
65.79,0.401
65.8,0.289
65.81,0.198
65.82,0.136
65.83,0.105
65.84,0.104
65.85,0.128
65.86,0.173
65.87,0.232
65.88,0.295
65.89,0.351
65.9,0.389
65.91,0.4
65.92,0.382
65.93,0.339
65.94,0.279
65.95,0.214
65.96,0.152
65.97,0.101
65.98,0.063
65.99,0.039
66.0,0.026
66.01,0.024
66.02,0.031
66.03,0.047
66.04,0.07
66.05,0.1
66.06,0.132
66.07,0.163
66.08,0.187
66.09,0.199
66.1,0.197
66.11,0.181
66.12,0.154
66.13,0.122
66.14,0.09
66.15,0.061
66.16,0.039
66.17,0.023
66.18,0.013
66.19,0.006
66.2,0.003
66.21,0.001
66.22,0.001
66.23,0.0
66.24,0.0
66.25,0.0
66.26,0.0
66.27,0.0
66.28,0.0
66.29,0.0
66.3,0.0
66.31,0.0
66.32,0.0
66.33,0.0
66.34,0.0
66.35,0.0
66.36,0.0
66.37,0.0
66.38,0.0
66.39,0.0
66.4,0.0
66.41,0.0
66.42,0.0
66.43,0.0
66.44,0.0
66.45,0.0
66.46,0.0
66.47,0.001
66.48,0.002
66.49,0.004
66.5,0.009
66.51,0.017
66.52,0.032
66.53,0.056
66.54,0.09
66.55,0.134
66.56,0.187
66.57,0.242
66.58,0.291
66.59,0.325
66.6,0.337
66.61,0.325
66.62,0.291
66.63,0.242
66.64,0.188
66.65,0.135
66.66,0.091
66.67,0.058
66.68,0.037
66.69,0.027
66.7,0.028
66.71,0.041
66.72,0.067
66.73,0.108
66.74,0.163
66.75,0.232
66.76,0.308
66.77,0.384
66.78,0.45
66.79,0.502
66.8,0.538
66.81,0.561
66.82,0.578
66.83,0.594
66.84,0.609
66.85,0.618
66.86,0.612
66.87,0.584
66.88,0.532
66.89,0.46
66.9,0.379
66.91,0.304
66.92,0.247
66.93,0.216
66.94,0.213
66.95,0.234
66.96,0.27
66.97,0.311
66.98,0.349
66.99,0.376
67.0,0.391
67.01,0.395
67.02,0.391
67.03,0.381
67.04,0.366
67.05,0.344
67.06,0.313
67.07,0.274
67.08,0.228
67.09,0.183
67.1,0.143
67.11,0.116
67.12,0.106
67.13,0.117
67.14,0.151
67.15,0.205
67.16,0.275
67.17,0.354
67.18,0.43
67.19,0.49
67.2,0.523
67.21,0.522
67.22,0.487
67.23,0.424
67.24,0.344
67.25,0.261
67.26,0.184
67.27,0.121
67.28,0.075
67.29,0.045
67.3,0.029
67.31,0.025
67.32,0.03
67.33,0.045
67.34,0.068
67.35,0.099
67.36,0.135
67.37,0.172
67.38,0.204
67.39,0.224
67.4,0.229
67.41,0.217
67.42,0.192
67.43,0.157
67.44,0.12
67.45,0.085
67.46,0.056
67.47,0.034
67.48,0.02
67.49,0.01
67.5,0.005
67.51,0.003
67.52,0.001
67.53,0.001
67.54,0.002
67.55,0.002
67.56,0.003
67.57,0.004
67.58,0.006
67.59,0.007
67.6,0.01
67.61,0.014
67.62,0.021
67.63,0.033
67.64,0.054
67.65,0.084
67.66,0.124
67.67,0.173
67.68,0.225
67.69,0.273
67.7,0.308
67.71,0.324
67.72,0.316
67.73,0.287
67.74,0.243
67.75,0.192
67.76,0.141
67.77,0.097
67.78,0.065
67.79,0.044
67.8,0.037
67.81,0.046
67.82,0.076
67.83,0.138
67.84,0.245
67.85,0.41
67.86,0.641
67.87,0.935
67.88,1.271
67.89,1.609
67.9,1.896
67.91,2.081
67.92,2.126
67.93,2.022
67.94,1.789
67.95,1.474
67.96,1.13
67.97,0.807
67.98,0.537
67.99,0.335
68.0,0.201
68.01,0.126
68.02,0.1
68.03,0.115
68.04,0.17
68.05,0.262
68.06,0.389
68.07,0.541
68.08,0.703
68.09,0.849
68.1,0.954
68.11,0.997
68.12,0.969
68.13,0.877
68.14,0.738
68.15,0.577
68.16,0.421
68.17,0.285
68.18,0.18
68.19,0.106
68.2,0.058
68.21,0.029
68.22,0.014
68.23,0.006
68.24,0.003
68.25,0.001
68.26,0.001
68.27,0.001
68.28,0.002
68.29,0.002
68.3,0.003
68.31,0.004
68.32,0.004
68.33,0.004
68.34,0.004
68.35,0.004
68.36,0.003
68.37,0.002
68.38,0.002
68.39,0.001
68.4,0.001
68.41,0.0
68.42,0.0
68.43,0.0
68.44,0.0
68.45,0.0
68.46,0.0
68.47,0.0
68.48,0.0
68.49,0.0
68.5,0.0
68.51,0.0
68.52,0.0
68.53,0.0
68.54,0.0
68.55,0.0
68.56,0.0
68.57,0.0
68.58,0.0
68.59,0.0
68.6,0.0
68.61,0.0
68.62,0.0
68.63,0.0
68.64,0.0
68.65,0.0
68.66,0.0
68.67,0.0
68.68,0.0
68.69,0.0
68.7,0.0
68.71,0.0
68.72,0.0
68.73,0.0
68.74,0.0
68.75,0.0
68.76,0.0
68.77,0.0
68.78,0.0
68.79,0.0
68.8,0.0
68.81,0.0
68.82,0.0
68.83,0.0
68.84,0.0
68.85,0.0
68.86,0.0
68.87,0.0
68.88,0.001
68.89,0.001
68.9,0.003
68.91,0.007
68.92,0.015
68.93,0.028
68.94,0.049
68.95,0.079
68.96,0.12
68.97,0.17
68.98,0.224
68.99,0.274
69.0,0.312
69.01,0.331
69.02,0.326
69.03,0.3
69.04,0.256
69.05,0.204
69.06,0.151
69.07,0.104
69.08,0.067
69.09,0.041
69.1,0.025
69.11,0.016
69.12,0.015
69.13,0.02
69.14,0.032
69.15,0.049
69.16,0.073
69.17,0.103
69.18,0.136
69.19,0.171
69.2,0.206
69.21,0.239
69.22,0.27
69.23,0.298
69.24,0.323
69.25,0.342
69.26,0.352
69.27,0.347
69.28,0.327
69.29,0.291
69.3,0.244
69.31,0.192
69.32,0.141
69.33,0.097
69.34,0.062
69.35,0.038
69.36,0.023
69.37,0.015
69.38,0.014
69.39,0.018
69.4,0.029
69.41,0.046
69.42,0.07
69.43,0.102
69.44,0.141
69.45,0.187
69.46,0.238
69.47,0.293
69.48,0.35
69.49,0.405
69.5,0.451
69.51,0.483
69.52,0.492
69.53,0.476
69.54,0.434
69.55,0.372
69.56,0.298
69.57,0.224
69.58,0.157
69.59,0.103
69.6,0.064
69.61,0.038
69.62,0.024
69.63,0.02
69.64,0.025
69.65,0.038
69.66,0.06
69.67,0.092
69.68,0.131
69.69,0.175
69.7,0.217
69.71,0.251
69.72,0.27
69.73,0.271
69.74,0.253
69.75,0.22
69.76,0.178
69.77,0.135
69.78,0.095
69.79,0.062
69.8,0.038
69.81,0.022
69.82,0.012
69.83,0.006
69.84,0.004
69.85,0.004
69.86,0.005
69.87,0.008
69.88,0.012
69.89,0.017
69.9,0.023
69.91,0.031
69.92,0.044
69.93,0.067
69.94,0.11
69.95,0.186
69.96,0.313
69.97,0.511
69.98,0.79
69.99,1.148
70.0,1.56
70.01,1.979
70.02,2.34
70.03,2.577
70.04,2.645
70.05,2.528
70.06,2.251
70.07,1.866
70.08,1.442
70.09,1.038
70.1,0.699
70.11,0.445
70.12,0.277
70.13,0.188
70.14,0.168
70.15,0.21
70.16,0.312
70.17,0.475
70.18,0.692
70.19,0.951
70.2,1.225
70.21,1.478
70.22,1.668
70.23,1.76
70.24,1.738
70.25,1.603
70.26,1.383
70.27,1.114
70.28,0.839
70.29,0.59
70.3,0.388
70.31,0.24
70.32,0.143
70.33,0.087
70.34,0.064
70.35,0.063
70.36,0.081
70.37,0.11
70.38,0.147
70.39,0.185
70.4,0.219
70.41,0.241
70.42,0.247
70.43,0.236
70.44,0.211
70.45,0.178
70.46,0.141
70.47,0.108
70.48,0.081
70.49,0.063
70.5,0.054
70.51,0.052
70.52,0.058
70.53,0.076
70.54,0.114
70.55,0.182
70.56,0.298
70.57,0.474
70.58,0.72
70.59,1.031
70.6,1.383
70.61,1.736
70.62,2.036
70.63,2.231
70.64,2.284
70.65,2.186
70.66,1.958
70.67,1.642
70.68,1.291
70.69,0.953
70.7,0.663
70.71,0.438
70.72,0.279
70.73,0.179
70.74,0.129
70.75,0.122
70.76,0.155
70.77,0.227
70.78,0.339
70.79,0.487
70.8,0.659
70.81,0.837
70.82,0.994
70.83,1.102
70.84,1.143
70.85,1.107
70.86,1.004
70.87,0.855
70.88,0.686
70.89,0.525
70.9,0.394
70.91,0.306
70.92,0.266
70.93,0.271
70.94,0.311
70.95,0.372
70.96,0.439
70.97,0.493
70.98,0.521
70.99,0.516
71.0,0.476
71.01,0.411
71.02,0.33
71.03,0.248
71.04,0.173
71.05,0.114
71.06,0.071
71.07,0.044
71.08,0.033
71.09,0.038
71.1,0.063
71.11,0.119
71.12,0.22
71.13,0.384
71.14,0.632
71.15,0.972
71.16,1.402
71.17,1.892
71.18,2.389
71.19,2.823
71.2,3.121
71.21,3.23
71.22,3.131
71.23,2.848
71.24,2.438
71.25,1.973
71.26,1.525
71.27,1.142
71.28,0.847
71.29,0.641
71.3,0.509
71.31,0.43
71.32,0.393
71.33,0.39
71.34,0.428
71.35,0.514
71.36,0.655
71.37,0.848
71.38,1.075
71.39,1.306
71.4,1.5
71.41,1.622
71.42,1.645
71.43,1.566
71.44,1.4
71.45,1.181
71.46,0.945
71.47,0.724
71.48,0.541
71.49,0.402
71.5,0.303
71.51,0.236
71.52,0.189
71.53,0.153
71.54,0.123
71.55,0.097
71.56,0.076
71.57,0.061
71.58,0.052
71.59,0.051
71.6,0.054
71.61,0.062
71.62,0.069
71.63,0.075
71.64,0.077
71.65,0.074
71.66,0.067
71.67,0.058
71.68,0.049
71.69,0.041
71.7,0.038
71.71,0.038
71.72,0.043
71.73,0.052
71.74,0.061
71.75,0.069
71.76,0.074
71.77,0.075
71.78,0.071
71.79,0.063
71.8,0.053
71.81,0.043
71.82,0.032
71.83,0.023
71.84,0.016
71.85,0.011
71.86,0.007
71.87,0.006
71.88,0.006
71.89,0.008
71.9,0.013
71.91,0.02
71.92,0.031
71.93,0.044
71.94,0.058
71.95,0.073
71.96,0.086
71.97,0.096
71.98,0.102
71.99,0.103
72.0,0.102
72.01,0.101
72.02,0.103
72.03,0.112
72.04,0.131
72.05,0.159
72.06,0.193
72.07,0.229
72.08,0.259
72.09,0.276
72.1,0.277
72.11,0.261
72.12,0.231
72.13,0.193
72.14,0.153
72.15,0.117
72.16,0.088
72.17,0.068
72.18,0.055
72.19,0.048
72.2,0.047
72.21,0.052
72.22,0.065
72.23,0.09
72.24,0.132
72.25,0.194
72.26,0.278
72.27,0.378
72.28,0.487
72.29,0.589
72.3,0.669
72.31,0.714
72.32,0.716
72.33,0.675
72.34,0.6
72.35,0.502
72.36,0.398
72.37,0.299
72.38,0.212
72.39,0.144
72.4,0.093
72.41,0.059
72.42,0.039
72.43,0.032
72.44,0.035
72.45,0.049
72.46,0.073
72.47,0.106
72.48,0.148
72.49,0.193
72.5,0.236
72.51,0.271
72.52,0.292
72.53,0.295
72.54,0.28
72.55,0.25
72.56,0.211
72.57,0.169
72.58,0.127
72.59,0.091
72.6,0.062
72.61,0.04
72.62,0.025
72.63,0.015
72.64,0.011
72.65,0.012
72.66,0.019
72.67,0.038
72.68,0.075
72.69,0.14
72.7,0.244
72.71,0.397
72.72,0.604
72.73,0.857
72.74,1.135
72.75,1.401
72.76,1.615
72.77,1.736
72.78,1.742
72.79,1.63
72.8,1.424
72.81,1.16
72.82,0.882
72.83,0.626
72.84,0.415
72.85,0.259
72.86,0.154
72.87,0.095
72.88,0.075
72.89,0.09
72.9,0.144
72.91,0.247
72.92,0.409
72.93,0.639
72.94,0.939
72.95,1.295
72.96,1.677
72.97,2.04
72.98,2.333
72.99,2.51
73.0,2.543
73.01,2.427
73.02,2.183
73.03,1.85
73.04,1.479
73.05,1.113
73.06,0.79
73.07,0.529
73.08,0.335
73.09,0.203
73.1,0.125
73.11,0.088
73.12,0.086
73.13,0.113
73.14,0.168
73.15,0.249
73.16,0.355
73.17,0.478
73.18,0.606
73.19,0.724
73.2,0.814
73.21,0.862
73.22,0.86
73.23,0.808
73.24,0.714
73.25,0.593
73.26,0.464
73.27,0.34
73.28,0.235
73.29,0.152
73.3,0.092
73.31,0.052
73.32,0.028
73.33,0.014
73.34,0.006
73.35,0.003
73.36,0.001
73.37,0.0
73.38,0.0
73.39,0.0
73.4,0.0
73.41,0.0
73.42,0.0
73.43,0.0
73.44,0.0
73.45,0.0
73.46,0.001
73.47,0.002
73.48,0.003
73.49,0.005
73.5,0.009
73.51,0.014
73.52,0.02
73.53,0.028
73.54,0.036
73.55,0.044
73.56,0.052
73.57,0.06
73.58,0.07
73.59,0.082
73.6,0.099
73.61,0.121
73.62,0.147
73.63,0.175
73.64,0.199
73.65,0.216
73.66,0.22
73.67,0.212
73.68,0.191
73.69,0.161
73.7,0.128
73.71,0.097
73.72,0.07
73.73,0.05
73.74,0.038
73.75,0.031
73.76,0.028
73.77,0.029
73.78,0.03
73.79,0.034
73.8,0.039
73.81,0.046
73.82,0.056
73.83,0.069
73.84,0.083
73.85,0.096
73.86,0.106
73.87,0.11
73.88,0.108
73.89,0.099
73.9,0.085
73.91,0.069
73.92,0.052
73.93,0.036
73.94,0.024
73.95,0.015
73.96,0.008
73.97,0.005
73.98,0.002
73.99,0.001
74.0,0.0
74.01,0.0
74.02,0.0
74.03,0.0
74.04,0.0
74.05,0.0
74.06,0.0
74.07,0.0
74.08,0.0
74.09,0.0
74.1,0.0
74.11,0.001
74.12,0.003
74.13,0.007
74.14,0.016
74.15,0.034
74.16,0.066
74.17,0.122
74.18,0.209
74.19,0.336
74.2,0.503
74.21,0.704
74.22,0.92
74.23,1.124
74.24,1.282
74.25,1.367
74.26,1.363
74.27,1.27
74.28,1.108
74.29,0.905
74.3,0.693
74.31,0.499
74.32,0.338
74.33,0.217
74.34,0.133
74.35,0.081
74.36,0.053
74.37,0.045
74.38,0.055
74.39,0.083
74.4,0.132
74.41,0.203
74.42,0.294
74.43,0.399
74.44,0.506
74.45,0.6
74.46,0.665
74.47,0.688
74.48,0.666
74.49,0.603
74.5,0.511
74.51,0.406
74.52,0.303
74.53,0.212
74.54,0.14
74.55,0.087
74.56,0.052
74.57,0.029
74.58,0.016
74.59,0.009
74.6,0.005
74.61,0.003
74.62,0.003
74.63,0.005
74.64,0.009
74.65,0.014
74.66,0.023
74.67,0.033
74.68,0.045
74.69,0.057
74.7,0.068
74.71,0.076
74.72,0.079
74.73,0.077
74.74,0.07
74.75,0.06
74.76,0.047
74.77,0.035
74.78,0.024
74.79,0.016
74.8,0.01
74.81,0.005
74.82,0.003
74.83,0.002
74.84,0.002
74.85,0.003
74.86,0.005
74.87,0.009
74.88,0.014
74.89,0.021
74.9,0.032
74.91,0.047
74.92,0.069
74.93,0.102
74.94,0.15
74.95,0.217
74.96,0.307
74.97,0.416
74.98,0.536
74.99,0.654
75.0,0.75
75.01,0.808
75.02,0.814
75.03,0.768
75.04,0.678
75.05,0.559
75.06,0.431
75.07,0.311
75.08,0.209
75.09,0.132
75.1,0.078
75.11,0.044
75.12,0.026
75.13,0.02
75.14,0.023
75.15,0.036
75.16,0.06
75.17,0.096
75.18,0.144
75.19,0.202
75.2,0.266
75.21,0.327
75.22,0.375
75.23,0.403
75.24,0.404
75.25,0.378
75.26,0.331
75.27,0.271
75.28,0.207
75.29,0.148
75.3,0.099
75.31,0.061
75.32,0.036
75.33,0.019
75.34,0.01
75.35,0.005
75.36,0.002
75.37,0.001
75.38,0.0
75.39,0.001
75.4,0.001
75.41,0.003
75.42,0.007
75.43,0.017
75.44,0.036
75.45,0.072
75.46,0.135
75.47,0.236
75.48,0.387
75.49,0.594
75.5,0.851
75.51,1.139
75.52,1.426
75.53,1.668
75.54,1.824
75.55,1.864
75.56,1.781
75.57,1.59
75.58,1.327
75.59,1.035
75.6,0.755
75.61,0.515
75.62,0.328
75.63,0.197
75.64,0.112
75.65,0.064
75.66,0.044
75.67,0.047
75.68,0.07
75.69,0.116
75.7,0.188
75.71,0.288
75.72,0.415
75.73,0.558
75.74,0.702
75.75,0.826
75.76,0.908
75.77,0.933
75.78,0.897
75.79,0.806
75.8,0.678
75.81,0.536
75.82,0.399
75.83,0.283
75.84,0.194
75.85,0.133
75.86,0.095
75.87,0.073
75.88,0.061
75.89,0.053
75.9,0.047
75.91,0.04
75.92,0.033
75.93,0.028
75.94,0.027
75.95,0.033
75.96,0.051
75.97,0.086
75.98,0.146
75.99,0.237
76.0,0.363
76.01,0.521
76.02,0.701
76.03,0.882
76.04,1.039
76.05,1.145
76.06,1.182
76.07,1.142
76.08,1.034
76.09,0.877
76.1,0.697
76.11,0.52
76.12,0.364
76.13,0.24
76.14,0.15
76.15,0.089
76.16,0.053
76.17,0.035
76.18,0.031
76.19,0.041
76.2,0.065
76.21,0.105
76.22,0.162
76.23,0.237
76.24,0.324
76.25,0.415
76.26,0.497
76.27,0.557
76.28,0.585
76.29,0.574
76.3,0.526
76.31,0.452
76.32,0.363
76.33,0.272
76.34,0.191
76.35,0.126
76.36,0.077
76.37,0.044
76.38,0.024
76.39,0.012
76.4,0.006
76.41,0.002
76.42,0.001
76.43,0.0
76.44,0.0
76.45,0.0
76.46,0.0
76.47,0.0
76.48,0.0
76.49,0.0
76.5,0.0
76.51,0.0
76.52,0.001
76.53,0.002
76.54,0.004
76.55,0.008
76.56,0.017
76.57,0.032
76.58,0.058
76.59,0.096
76.6,0.15
76.61,0.22
76.62,0.301
76.63,0.384
76.64,0.46
76.65,0.515
76.66,0.539
76.67,0.528
76.68,0.483
76.69,0.414
76.7,0.332
76.71,0.249
76.72,0.174
76.73,0.114
76.74,0.07
76.75,0.041
76.76,0.023
76.77,0.014
76.78,0.011
76.79,0.014
76.8,0.022
76.81,0.037
76.82,0.06
76.83,0.091
76.84,0.129
76.85,0.17
76.86,0.211
76.87,0.245
76.88,0.266
76.89,0.271
76.9,0.259
76.91,0.235
76.92,0.207
76.93,0.182
76.94,0.172
76.95,0.185
76.96,0.226
76.97,0.295
76.98,0.389
76.99,0.496
77.0,0.599
77.01,0.681
77.02,0.727
77.03,0.726
77.04,0.678
77.05,0.593
77.06,0.485
77.07,0.372
77.08,0.266
77.09,0.178
77.1,0.112
77.11,0.066
77.12,0.037
77.13,0.022
77.14,0.017
77.15,0.022
77.16,0.039
77.17,0.071
77.18,0.127
77.19,0.216
77.2,0.345
77.21,0.519
77.22,0.738
77.23,0.987
77.24,1.244
77.25,1.475
77.26,1.645
77.27,1.726
77.28,1.703
77.29,1.578
77.3,1.373
77.31,1.121
77.32,0.859
77.33,0.618
77.34,0.417
77.35,0.264
77.36,0.157
77.37,0.089
77.38,0.051
77.39,0.035
77.4,0.037
77.41,0.057
77.42,0.096
77.43,0.16
77.44,0.252
77.45,0.373
77.46,0.516
77.47,0.669
77.48,0.811
77.49,0.921
77.5,0.978
77.51,0.973
77.52,0.905
77.53,0.788
77.54,0.642
77.55,0.49
77.56,0.351
77.57,0.236
77.58,0.151
77.59,0.095
77.6,0.064
77.61,0.055
77.62,0.062
77.63,0.084
77.64,0.117
77.65,0.158
77.66,0.203
77.67,0.247
77.68,0.285
77.69,0.312
77.7,0.323
77.71,0.319
77.72,0.3
77.73,0.268
77.74,0.229
77.75,0.186
77.76,0.144
77.77,0.106
77.78,0.074
77.79,0.049
77.8,0.032
77.81,0.021
77.82,0.017
77.83,0.02
77.84,0.031
77.85,0.052
77.86,0.089
77.87,0.147
77.88,0.23
77.89,0.341
77.9,0.481
77.91,0.64
77.92,0.806
77.93,0.957
77.94,1.071
77.95,1.128
77.96,1.118
77.97,1.04
77.98,0.91
77.99,0.746
78.0,0.574
78.01,0.415
78.02,0.281
78.03,0.178
78.04,0.106
78.05,0.06
78.06,0.033
78.07,0.021
78.08,0.02
78.09,0.028
78.1,0.046
78.11,0.078
78.12,0.124
78.13,0.185
78.14,0.26
78.15,0.341
78.16,0.42
78.17,0.484
78.18,0.523
78.19,0.529
78.2,0.502
78.21,0.448
78.22,0.375
78.23,0.296
78.24,0.221
78.25,0.157
78.26,0.108
78.27,0.072
78.28,0.047
78.29,0.031
78.3,0.021
78.31,0.014
78.32,0.009
78.33,0.006
78.34,0.004
78.35,0.002
78.36,0.001
78.37,0.001
78.38,0.0
78.39,0.0
78.4,0.0
78.41,0.001
78.42,0.001
78.43,0.002
78.44,0.003
78.45,0.006
78.46,0.009
78.47,0.015
78.48,0.026
78.49,0.043
78.5,0.071
78.51,0.114
78.52,0.175
78.53,0.256
78.54,0.353
78.55,0.459
78.56,0.562
78.57,0.649
78.58,0.708
78.59,0.731
78.6,0.718
78.61,0.677
78.62,0.619
78.63,0.554
78.64,0.49
78.65,0.433
78.66,0.382
78.67,0.336
78.68,0.292
78.69,0.251
78.7,0.211
78.71,0.176
78.72,0.146
78.73,0.126
78.74,0.117
78.75,0.123
78.76,0.144
78.77,0.179
78.78,0.223
78.79,0.271
78.8,0.315
78.81,0.348
78.82,0.364
78.83,0.363
78.84,0.346
78.85,0.319
78.86,0.287
78.87,0.254
78.88,0.225
78.89,0.199
78.9,0.176
78.91,0.156
78.92,0.138
78.93,0.123
78.94,0.112
78.95,0.107
78.96,0.109
78.97,0.119
78.98,0.135
78.99,0.154
79.0,0.172
79.01,0.185
79.02,0.189
79.03,0.183
79.04,0.166
79.05,0.142
79.06,0.114
79.07,0.085
79.08,0.06
79.09,0.04
79.1,0.024
79.11,0.014
79.12,0.008
79.13,0.004
79.14,0.003
79.15,0.003
79.16,0.005
79.17,0.008
79.18,0.014
79.19,0.022
79.2,0.033
79.21,0.046
79.22,0.061
79.23,0.075
79.24,0.087
79.25,0.097
79.26,0.104
79.27,0.111
79.28,0.122
79.29,0.145
79.3,0.186
79.31,0.252
79.32,0.345
79.33,0.461
79.34,0.591
79.35,0.717
79.36,0.819
79.37,0.88
79.38,0.888
79.39,0.841
79.4,0.747
79.41,0.624
79.42,0.491
79.43,0.369
79.44,0.273
79.45,0.217
79.46,0.213
79.47,0.27
79.48,0.401
79.49,0.614
79.5,0.914
79.51,1.291
79.52,1.716
79.53,2.144
79.54,2.517
79.55,2.781
79.56,2.893
79.57,2.842
79.58,2.642
79.59,2.331
79.6,1.961
79.61,1.579
79.62,1.223
79.63,0.914
79.64,0.661
79.65,0.463
79.66,0.316
79.67,0.211
79.68,0.145
79.69,0.112
79.7,0.113
79.71,0.149
79.72,0.225
79.73,0.343
79.74,0.502
79.75,0.695
79.76,0.904
79.77,1.103
79.78,1.264
79.79,1.361
79.8,1.38
79.81,1.325
79.82,1.217
79.83,1.086
79.84,0.967
79.85,0.887
79.86,0.858
79.87,0.877
79.88,0.928
79.89,0.984
79.9,1.019
79.91,1.013
79.92,0.957
79.93,0.856
79.94,0.721
79.95,0.573
79.96,0.427
79.97,0.3
79.98,0.198
79.99,0.123
80.0,0.072
80.01,0.041
80.02,0.024
80.03,0.019
80.04,0.022
80.05,0.034
80.06,0.055
80.07,0.089
80.08,0.135
80.09,0.195
80.1,0.264
80.11,0.338
80.12,0.409
80.13,0.466
80.14,0.502
80.15,0.512
80.16,0.497
80.17,0.462
80.18,0.415
80.19,0.366
80.2,0.322
80.21,0.288
80.22,0.265
80.23,0.252
80.24,0.249
80.25,0.254
80.26,0.266
80.27,0.284
80.28,0.306
80.29,0.327
80.3,0.342
80.31,0.344
80.32,0.331
80.33,0.301
80.34,0.259
80.35,0.211
80.36,0.161
80.37,0.117
80.38,0.081
80.39,0.057
80.4,0.043
80.41,0.039
80.42,0.044
80.43,0.055
80.44,0.072
80.45,0.094
80.46,0.121
80.47,0.152
80.48,0.187
80.49,0.226
80.5,0.268
80.51,0.307
80.52,0.341
80.53,0.364
80.54,0.371
80.55,0.36
80.56,0.335
80.57,0.302
80.58,0.27
80.59,0.251
80.6,0.259
80.61,0.304
80.62,0.393
80.63,0.526
80.64,0.694
80.65,0.878
80.66,1.052
80.67,1.187
80.68,1.259
80.69,1.256
80.7,1.178
80.71,1.043
80.72,0.876
80.73,0.708
80.74,0.563
80.75,0.461
80.76,0.415
80.77,0.428
80.78,0.504
80.79,0.637
80.8,0.82
80.81,1.038
80.82,1.271
80.83,1.495
80.84,1.687
80.85,1.832
80.86,1.926
80.87,1.974
80.88,1.985
80.89,1.967
80.9,1.921
80.91,1.843
80.92,1.726
80.93,1.565
80.94,1.365
80.95,1.137
80.96,0.902
80.97,0.681
80.98,0.492
80.99,0.347
81.0,0.253
81.01,0.211
81.02,0.216
81.03,0.264
81.04,0.347
81.05,0.455
81.06,0.576
81.07,0.695
81.08,0.8
81.09,0.882
81.1,0.936
81.11,0.964
81.12,0.971
81.13,0.963
81.14,0.943
81.15,0.909
81.16,0.858
81.17,0.788
81.18,0.698
81.19,0.592
81.2,0.479
81.21,0.367
81.22,0.266
81.23,0.182
81.24,0.118
81.25,0.072
81.26,0.041
81.27,0.022
81.28,0.012
81.29,0.006
81.3,0.004
81.31,0.005
81.32,0.009
81.33,0.015
81.34,0.024
81.35,0.038
81.36,0.056
81.37,0.077
81.38,0.1
81.39,0.121
81.4,0.137
81.41,0.147
81.42,0.147
81.43,0.138
81.44,0.122
81.45,0.102
81.46,0.082
81.47,0.066
81.48,0.059
81.49,0.063
81.5,0.083
81.51,0.124
81.52,0.19
81.53,0.286
81.54,0.416
81.55,0.581
81.56,0.783
81.57,1.015
81.58,1.268
81.59,1.523
81.6,1.757
81.61,1.94
81.62,2.045
81.63,2.051
81.64,1.954
81.65,1.767
81.66,1.519
81.67,1.246
81.68,0.986
81.69,0.766
81.7,0.601
81.71,0.491
81.72,0.426
81.73,0.391
81.74,0.373
81.75,0.361
81.76,0.353
81.77,0.35
81.78,0.359
81.79,0.386
81.8,0.439
81.81,0.519
81.82,0.628
81.83,0.759
81.84,0.904
81.85,1.049
81.86,1.178
81.87,1.272
81.88,1.318
81.89,1.308
81.9,1.242
81.91,1.129
81.92,0.985
81.93,0.828
81.94,0.676
81.95,0.541
81.96,0.431
81.97,0.345
81.98,0.28
81.99,0.23
82.0,0.189
82.01,0.154
82.02,0.122
82.03,0.093
82.04,0.069
82.05,0.051
82.06,0.039
82.07,0.035
82.08,0.039
82.09,0.052
82.1,0.072
82.11,0.099
82.12,0.13
82.13,0.162
82.14,0.188
82.15,0.206
82.16,0.212
82.17,0.205
82.18,0.185
82.19,0.157
82.2,0.125
82.21,0.094
82.22,0.066
82.23,0.043
82.24,0.027
82.25,0.015
82.26,0.008
82.27,0.004
82.28,0.002
82.29,0.002
82.3,0.002
82.31,0.002
82.32,0.003
82.33,0.005
82.34,0.006
82.35,0.008
82.36,0.01
82.37,0.011
82.38,0.012
82.39,0.011
82.4,0.011
82.41,0.009
82.42,0.008
82.43,0.007
82.44,0.007
82.45,0.009
82.46,0.014
82.47,0.026
82.48,0.047
82.49,0.081
82.5,0.134
82.51,0.208
82.52,0.305
82.53,0.419
82.54,0.542
82.55,0.661
82.56,0.758
82.57,0.819
82.58,0.833
82.59,0.8
82.6,0.724
82.61,0.619
82.62,0.499
82.63,0.381
82.64,0.275
82.65,0.188
82.66,0.122
82.67,0.076
82.68,0.045
82.69,0.027
82.7,0.018
82.71,0.015
82.72,0.018
82.73,0.026
82.74,0.043
82.75,0.068
82.76,0.104
82.77,0.152
82.78,0.209
82.79,0.27
82.8,0.329
82.81,0.377
82.82,0.408
82.83,0.416
82.84,0.399
82.85,0.361
82.86,0.308
82.87,0.248
82.88,0.189
82.89,0.136
82.9,0.092
82.91,0.06
82.92,0.038
82.93,0.024
82.94,0.018
82.95,0.018
82.96,0.024
82.97,0.036
82.98,0.055
82.99,0.079
83.0,0.11
83.01,0.143
83.02,0.174
83.03,0.2
83.04,0.216
83.05,0.219
83.06,0.208
83.07,0.186
83.08,0.157
83.09,0.124
83.1,0.094
83.11,0.069
83.12,0.053
83.13,0.047
83.14,0.053
83.15,0.072
83.16,0.104
83.17,0.149
83.18,0.203
83.19,0.263
83.2,0.32
83.21,0.368
83.22,0.399
83.23,0.41
83.24,0.4
83.25,0.374
83.26,0.336
83.27,0.294
83.28,0.252
83.29,0.214
83.3,0.179
83.31,0.149
83.32,0.121
83.33,0.096
83.34,0.074
83.35,0.054
83.36,0.039
83.37,0.029
83.38,0.024
83.39,0.025
83.4,0.032
83.41,0.046
83.42,0.067
83.43,0.092
83.44,0.121
83.45,0.15
83.46,0.174
83.47,0.189
83.48,0.194
83.49,0.187
83.5,0.169
83.51,0.143
83.52,0.114
83.53,0.086
83.54,0.06
83.55,0.04
83.56,0.025
83.57,0.015
83.58,0.009
83.59,0.005
83.6,0.003
83.61,0.002
83.62,0.003
83.63,0.005
83.64,0.01
83.65,0.019
83.66,0.036
83.67,0.064
83.68,0.109
83.69,0.175
83.7,0.266
83.71,0.386
83.72,0.532
83.73,0.699
83.74,0.877
83.75,1.048
83.76,1.197
83.77,1.305
83.78,1.359
83.79,1.352
83.8,1.284
83.81,1.164
83.82,1.009
83.83,0.834
83.84,0.659
83.85,0.498
83.86,0.36
83.87,0.249
83.88,0.167
83.89,0.111
83.9,0.078
83.91,0.066
83.92,0.072
83.93,0.096
83.94,0.137
83.95,0.195
83.96,0.268
83.97,0.353
83.98,0.445
83.99,0.537
84.0,0.622
84.01,0.692
84.02,0.74
84.03,0.761
84.04,0.753
84.05,0.715
84.06,0.652
84.07,0.571
84.08,0.479
84.09,0.386
84.1,0.297
84.11,0.219
84.12,0.155
84.13,0.105
84.14,0.069
84.15,0.045
84.16,0.03
84.17,0.024
84.18,0.024
84.19,0.029
84.2,0.038
84.21,0.048
84.22,0.058
84.23,0.067
84.24,0.073
84.25,0.074
84.26,0.071
84.27,0.064
84.28,0.054
84.29,0.043
84.3,0.032
84.31,0.022
84.32,0.015
84.33,0.009
84.34,0.005
84.35,0.003
84.36,0.001
84.37,0.001
84.38,0.0
84.39,0.0
84.4,0.0
84.41,0.0
84.42,0.0
84.43,0.0
84.44,0.0
84.45,0.0
84.46,0.0
84.47,0.0
84.48,0.0
84.49,0.0
84.5,0.0
84.51,0.001
84.52,0.001
84.53,0.003
84.54,0.005
84.55,0.009
84.56,0.014
84.57,0.022
84.58,0.031
84.59,0.041
84.6,0.052
84.61,0.062
84.62,0.069
84.63,0.072
84.64,0.071
84.65,0.065
84.66,0.056
84.67,0.046
84.68,0.035
84.69,0.026
84.7,0.018
84.71,0.012
84.72,0.009
84.73,0.01
84.74,0.014
84.75,0.023
84.76,0.039
84.77,0.064
84.78,0.099
84.79,0.144
84.8,0.197
84.81,0.255
84.82,0.31
84.83,0.354
84.84,0.382
84.85,0.388
84.86,0.373
84.87,0.338
84.88,0.29
84.89,0.236
84.9,0.182
84.91,0.134
84.92,0.094
84.93,0.063
84.94,0.04
84.95,0.025
84.96,0.015
84.97,0.009
84.98,0.006
84.99,0.005
85.0,0.007
85.01,0.011
85.02,0.019
85.03,0.031
85.04,0.048
85.05,0.07
85.06,0.096
85.07,0.124
85.08,0.15
85.09,0.171
85.1,0.183
85.11,0.184
85.12,0.174
85.13,0.154
85.14,0.129
85.15,0.101
85.16,0.074
85.17,0.052
85.18,0.034
85.19,0.021
85.2,0.012
85.21,0.006
85.22,0.003
85.23,0.002
85.24,0.001
85.25,0.0
85.26,0.0
85.27,0.0
85.28,0.0
85.29,0.0
85.3,0.0
85.31,0.0
85.32,0.0
85.33,0.0
85.34,0.0
85.35,0.001
85.36,0.003
85.37,0.005
85.38,0.011
85.39,0.02
85.4,0.035
85.41,0.057
85.42,0.087
85.43,0.126
85.44,0.172
85.45,0.221
85.46,0.268
85.47,0.308
85.48,0.337
85.49,0.352
85.5,0.356
85.51,0.351
85.52,0.342
85.53,0.333
85.54,0.325
85.55,0.317
85.56,0.308
85.57,0.296
85.58,0.282
85.59,0.269
85.6,0.263
85.61,0.269
85.62,0.289
85.63,0.325
85.64,0.37
85.65,0.419
85.66,0.46
85.67,0.486
85.68,0.493
85.69,0.478
85.7,0.448
85.71,0.407
85.72,0.363
85.73,0.32
85.74,0.282
85.75,0.25
85.76,0.224
85.77,0.203
85.78,0.186
85.79,0.174
85.8,0.166
85.81,0.161
85.82,0.156
85.83,0.15
85.84,0.143
85.85,0.136
85.86,0.131
85.87,0.131
85.88,0.138
85.89,0.152
85.9,0.173
85.91,0.196
85.92,0.216
85.93,0.229
85.94,0.23
85.95,0.219
85.96,0.197
85.97,0.167
85.98,0.133
85.99,0.099
86.0,0.07
86.01,0.046
86.02,0.029
86.03,0.017
86.04,0.009
86.05,0.005
86.06,0.002
86.07,0.001
86.08,0.0
86.09,0.0
86.1,0.0
86.11,0.0
86.12,0.0
86.13,0.0
86.14,0.0
86.15,0.0
86.16,0.0
86.17,0.001
86.18,0.001
86.19,0.003
86.2,0.006
86.21,0.012
86.22,0.023
86.23,0.04
86.24,0.065
86.25,0.1
86.26,0.145
86.27,0.199
86.28,0.255
86.29,0.308
86.3,0.35
86.31,0.374
86.32,0.376
86.33,0.355
86.34,0.316
86.35,0.264
86.36,0.208
86.37,0.154
86.38,0.107
86.39,0.07
86.4,0.043
86.41,0.025
86.42,0.014
86.43,0.007
86.44,0.004
86.45,0.002
86.46,0.003
86.47,0.005
86.48,0.009
86.49,0.016
86.5,0.029
86.51,0.049
86.52,0.08
86.53,0.123
86.54,0.181
86.55,0.253
86.56,0.338
86.57,0.43
86.58,0.522
86.59,0.604
86.6,0.665
86.61,0.696
86.62,0.693
86.63,0.653
86.64,0.584
86.65,0.494
86.66,0.395
86.67,0.298
86.68,0.213
86.69,0.143
86.7,0.091
86.71,0.054
86.72,0.031
86.73,0.016
86.74,0.008
86.75,0.004
86.76,0.003
86.77,0.004
86.78,0.007
86.79,0.013
86.8,0.023
86.81,0.039
86.82,0.063
86.83,0.093
86.84,0.131
86.85,0.173
86.86,0.215
86.87,0.252
86.88,0.278
86.89,0.29
86.9,0.286
86.91,0.267
86.92,0.237
86.93,0.203
86.94,0.168
86.95,0.136
86.96,0.11
86.97,0.089
86.98,0.073
86.99,0.06
87.0,0.049
87.01,0.039
87.02,0.03
87.03,0.022
87.04,0.016
87.05,0.011
87.06,0.008
87.07,0.007
87.08,0.009
87.09,0.013
87.1,0.021
87.11,0.033
87.12,0.05
87.13,0.071
87.14,0.095
87.15,0.121
87.16,0.145
87.17,0.163
87.18,0.174
87.19,0.175
87.2,0.167
87.21,0.152
87.22,0.132
87.23,0.111
87.24,0.091
87.25,0.074
87.26,0.063
87.27,0.059
87.28,0.062
87.29,0.075
87.3,0.098
87.31,0.132
87.32,0.177
87.33,0.233
87.34,0.296
87.35,0.362
87.36,0.426
87.37,0.48
87.38,0.517
87.39,0.534
87.4,0.527
87.41,0.498
87.42,0.451
87.43,0.393
87.44,0.33
87.45,0.27
87.46,0.216
87.47,0.173
87.48,0.143
87.49,0.13
87.5,0.135
87.51,0.162
87.52,0.213
87.53,0.287
87.54,0.38
87.55,0.485
87.56,0.591
87.57,0.687
87.58,0.764
87.59,0.816
87.6,0.847
87.61,0.86
87.62,0.866
87.63,0.873
87.64,0.884
87.65,0.901
87.66,0.918
87.67,0.932
87.68,0.935
87.69,0.924
87.7,0.895
87.71,0.847
87.72,0.781
87.73,0.697
87.74,0.602
87.75,0.501
87.76,0.405
87.77,0.322
87.78,0.259
87.79,0.222
87.8,0.211
87.81,0.224
87.82,0.256
87.83,0.299
87.84,0.344
87.85,0.384
87.86,0.413
87.87,0.428
87.88,0.431
87.89,0.425
87.9,0.414
87.91,0.402
87.92,0.393
87.93,0.387
87.94,0.384
87.95,0.384
87.96,0.383
87.97,0.38
87.98,0.371
87.99,0.354
88.0,0.328
88.01,0.292
88.02,0.25
88.03,0.204
88.04,0.158
88.05,0.116
88.06,0.081
88.07,0.054
88.08,0.035
88.09,0.023
88.1,0.017
88.11,0.016
88.12,0.018
88.13,0.022
88.14,0.027
88.15,0.032
88.16,0.036
88.17,0.038
88.18,0.038
88.19,0.036
88.2,0.032
88.21,0.027
88.22,0.021
88.23,0.016
88.24,0.011
88.25,0.008
88.26,0.006
88.27,0.006
88.28,0.008
88.29,0.011
88.3,0.016
88.31,0.023
88.32,0.031
88.33,0.04
88.34,0.048
88.35,0.054
88.36,0.057
88.37,0.058
88.38,0.054
88.39,0.049
88.4,0.041
88.41,0.032
88.42,0.024
88.43,0.017
88.44,0.013
88.45,0.01
88.46,0.01
88.47,0.014
88.48,0.022
88.49,0.035
88.5,0.054
88.51,0.079
88.52,0.109
88.53,0.143
88.54,0.176
88.55,0.206
88.56,0.229
88.57,0.243
88.58,0.249
88.59,0.25
88.6,0.252
88.61,0.257
88.62,0.271
88.63,0.292
88.64,0.319
88.65,0.344
88.66,0.363
88.67,0.368
88.68,0.358
88.69,0.333
88.7,0.298
88.71,0.257
88.72,0.219
88.73,0.187
88.74,0.164
88.75,0.151
88.76,0.148
88.77,0.152
88.78,0.165
88.79,0.183
88.8,0.209
88.81,0.239
88.82,0.271
88.83,0.302
88.84,0.325
88.85,0.337
88.86,0.335
88.87,0.321
88.88,0.298
88.89,0.271
88.9,0.246
88.91,0.226
88.92,0.212
88.93,0.203
88.94,0.197
88.95,0.19
88.96,0.18
88.97,0.166
88.98,0.151
88.99,0.137
89.0,0.128
89.01,0.125
89.02,0.131
89.03,0.143
89.04,0.161
89.05,0.181
89.06,0.198
89.07,0.212
89.08,0.219
89.09,0.22
89.1,0.215
89.11,0.204
89.12,0.19
89.13,0.172
89.14,0.153
89.15,0.131
89.16,0.109
89.17,0.088
89.18,0.068
89.19,0.051
89.2,0.038
89.21,0.029
89.22,0.025
89.23,0.026
89.24,0.03
89.25,0.038
89.26,0.048
89.27,0.059
89.28,0.07
89.29,0.08
89.3,0.089
89.31,0.095
89.32,0.099
89.33,0.101
89.34,0.1
89.35,0.097
89.36,0.09
89.37,0.081
89.38,0.07
89.39,0.058
89.4,0.046
89.41,0.036
89.42,0.028
89.43,0.024
89.44,0.024
89.45,0.029
89.46,0.039
89.47,0.052
89.48,0.069
89.49,0.087
89.5,0.105
89.51,0.12
89.52,0.13
89.53,0.135
89.54,0.135
89.55,0.129
89.56,0.12
89.57,0.109
89.58,0.097
89.59,0.085
89.6,0.074
89.61,0.063
89.62,0.052
89.63,0.042
89.64,0.033
89.65,0.025
89.66,0.018
89.67,0.013
89.68,0.009
89.69,0.006
89.7,0.005
89.71,0.005
89.72,0.007
89.73,0.011
89.74,0.016
89.75,0.023
89.76,0.031
89.77,0.04
89.78,0.048
89.79,0.054
89.8,0.059
89.81,0.06
89.82,0.058
89.83,0.053
89.84,0.047
89.85,0.041
89.86,0.034
89.87,0.029
89.88,0.024
89.89,0.021
89.9,0.018
89.91,0.015
89.92,0.012
89.93,0.01
89.94,0.008
89.95,0.006
89.96,0.004
89.97,0.002
89.98,0.002
89.99,0.001
90.0,0.0
