2Theta,Intensity_Original,Intensity_Augmented
10.000000,0.059271,0.059271
10.020006,0.062935,0.062935
10.040011,0.057668,0.057668
10.060017,0.055746,0.055746
10.080023,0.062041,0.062041
10.100029,0.052333,0.052333
10.120034,0.051037,0.051037
10.140040,0.054102,0.054102
10.160046,0.052923,0.052923
10.180051,0.053677,0.053677
10.200057,0.055963,0.055963
10.220063,0.065935,0.065935
10.240069,0.053371,0.053371
10.260074,0.062707,0.062707
10.280080,0.052095,0.052095
10.300086,0.054184,0.054184
10.320091,0.060195,0.060195
10.340097,0.055665,0.055665
10.360103,0.062787,0.062787
10.380109,0.054609,0.054609
10.400114,0.058900,0.058900
10.420120,0.054361,0.054361
10.440126,0.050050,0.050050
10.460131,0.056471,0.056471
10.480137,0.062077,0.062077
10.500143,0.047774,0.047774
10.520149,0.056571,0.056571
10.540154,0.061511,0.061511
10.560160,0.058722,0.058722
10.580166,0.060598,0.060598
10.600171,0.052693,0.052693
10.620177,0.055156,0.055156
10.640183,0.052734,0.052734
10.660189,0.050953,0.050953
10.680194,0.049854,0.049854
10.700200,0.053872,0.053872
10.720206,0.053481,0.053481
10.740211,0.053946,0.053946
10.760217,0.063785,0.063785
10.780223,0.047938,0.047938
10.800229,0.054359,0.054359
10.820234,0.054158,0.054158
10.840240,0.044803,0.044803
10.860246,0.051561,0.051561
10.880252,0.047840,0.047840
10.900257,0.063816,0.063816
10.920263,0.048359,0.048359
10.940269,0.060525,0.060525
10.960274,0.060100,0.060100
10.980280,0.057946,0.057946
11.000286,0.052990,0.052990
11.020292,0.045292,0.045292
11.040297,0.058594,0.058594
11.060303,0.060239,0.060239
11.080309,0.046716,0.046716
11.100314,0.061888,0.061888
11.120320,0.054161,0.054161
11.140326,0.061538,0.061538
11.160332,0.050228,0.050228
11.180337,0.051085,0.051085
11.200343,0.060360,0.060360
11.220349,0.051710,0.051710
11.240354,0.058880,0.058880
11.260360,0.062335,0.062335
11.280366,0.059439,0.059439
11.300372,0.048982,0.048982
11.320377,0.056690,0.056690
11.340383,0.062610,0.062610
11.360389,0.061897,0.061897
11.380394,0.055435,0.055435
11.400400,0.046192,0.046192
11.420406,0.061089,0.061089
11.440412,0.049459,0.049459
11.460417,0.042868,0.042868
11.480423,0.056235,0.056235
11.500429,0.044668,0.044668
11.520434,0.058424,0.058424
11.540440,0.056797,0.056797
11.560446,0.045132,0.045132
11.580452,0.055569,0.055569
11.600457,0.052097,0.052097
11.620463,0.052377,0.052377
11.640469,0.056838,0.056838
11.660474,0.046331,0.046331
11.680480,0.043787,0.043787
11.700486,0.045364,0.045364
11.720492,0.051653,0.051653
11.740497,0.044142,0.044142
11.760503,0.045471,0.045471
11.780509,0.052746,0.052746
11.800514,0.047735,0.047735
11.820520,0.045851,0.045851
11.840526,0.045170,0.045170
11.860532,0.059024,0.059024
11.880537,0.041469,0.041469
11.900543,0.058203,0.058203
11.920549,0.058077,0.058077
11.940554,0.054824,0.054824
11.960560,0.057878,0.057878
11.980566,0.048675,0.048675
12.000572,0.050662,0.050662
12.020577,0.056570,0.056570
12.040583,0.047584,0.047584
12.060589,0.052693,0.052693
12.080594,0.056539,0.056539
12.100600,0.056471,0.056471
12.120606,0.053626,0.053626
12.140612,0.046707,0.046707
12.160617,0.049138,0.049138
12.180623,0.055341,0.055341
12.200629,0.058944,0.058944
12.220634,0.044835,0.044835
12.240640,0.044896,0.044896
12.260646,0.042156,0.042156
12.280652,0.047316,0.047316
12.300657,0.048180,0.048180
12.320663,0.059398,0.059398
12.340669,0.041523,0.041523
12.360674,0.059618,0.059618
12.380680,0.044314,0.044314
12.400686,0.057369,0.057369
12.420692,0.057798,0.057798
12.440697,0.058902,0.058902
12.460703,0.046178,0.046178
12.480709,0.056377,0.056377
12.500714,0.040739,0.040739
12.520720,0.046441,0.046441
12.540726,0.049807,0.049807
12.560732,0.041359,0.041359
12.580737,0.060299,0.060299
12.600743,0.051922,0.051922
12.620749,0.060578,0.060578
12.640755,0.050444,0.050444
12.660760,0.056659,0.056659
12.680766,0.048467,0.048467
12.700772,0.041865,0.041865
12.720777,0.045962,0.045962
12.740783,0.045031,0.045031
12.760789,0.061324,0.061324
12.780795,0.050537,0.050537
12.800800,0.061889,0.061889
12.820806,0.057699,0.057699
12.840812,0.044657,0.044657
12.860817,0.059490,0.059490
12.880823,0.046995,0.046995
12.900829,0.054695,0.054695
12.920835,0.044587,0.044587
12.940840,0.045305,0.045305
12.960846,0.062506,0.062506
12.980852,0.052208,0.052208
13.000857,0.048030,0.048030
13.020863,0.062907,0.062907
13.040869,0.054001,0.054001
13.060875,0.050401,0.050401
13.080880,0.064509,0.064509
13.100886,0.060023,0.060023
13.120892,0.046613,0.046613
13.140897,0.056105,0.056105
13.160903,0.049450,0.049450
13.180909,0.063714,0.063714
13.200915,0.063637,0.063637
13.220920,0.058025,0.058025
13.240926,0.054890,0.054890
13.260932,0.058573,0.058573
13.280937,0.063532,0.063532
13.300943,0.050775,0.050775
13.320949,0.067171,0.067171
13.340955,0.055943,0.055943
13.360960,0.058708,0.058708
13.380966,0.053772,0.053772
13.400972,0.069240,0.069240
13.420977,0.056429,0.056429
13.440983,0.066803,0.066803
13.460989,0.061593,0.061593
13.480995,0.062372,0.062372
13.501000,0.064687,0.064687
13.521006,0.074162,0.074162
13.541012,0.063181,0.063181
13.561017,0.071675,0.071675
13.581023,0.078017,0.078017
13.601029,0.078974,0.078974
13.621035,0.064606,0.064606
13.641040,0.066415,0.066415
13.661046,0.076162,0.076162
13.681052,0.067074,0.067074
13.701057,0.068821,0.068821
13.721063,0.068383,0.068383
13.741069,0.081535,0.081535
13.761075,0.083625,0.083625
13.781080,0.071885,0.071885
13.801086,0.084747,0.084747
13.821092,0.083900,0.083900
13.841097,0.080198,0.080198
13.861103,0.076618,0.076618
13.881109,0.079097,0.079097
13.901115,0.085471,0.085471
13.921120,0.079901,0.079901
13.941126,0.092644,0.092644
13.961132,0.090741,0.090741
13.981137,0.095433,0.095433
14.001143,0.086750,0.086750
14.021149,0.092461,0.092461
14.041155,0.085926,0.085926
14.061160,0.101684,0.101684
14.081166,0.092877,0.092877
14.101172,0.086719,0.086719
14.121177,0.088885,0.088885
14.141183,0.099449,0.099449
14.161189,0.105983,0.105983
14.181195,0.106473,0.106473
14.201200,0.094345,0.094345
14.221206,0.112110,0.112110
14.241212,0.102531,0.102531
14.261217,0.106605,0.106605
14.281223,0.107306,0.107306
14.301229,0.120929,0.120929
14.321235,0.120062,0.120062
14.341240,0.109143,0.109143
14.361246,0.108615,0.108615
14.381252,0.122731,0.122731
14.401258,0.126901,0.126901
14.421263,0.126026,0.126026
14.441269,0.135201,0.135201
14.461275,0.123746,0.123746
14.481280,0.125196,0.125196
14.501286,0.128226,0.128226
14.521292,0.143109,0.143109
14.541298,0.139644,0.139644
14.561303,0.141897,0.141897
14.581309,0.139143,0.139143
14.601315,0.139930,0.139930
14.621320,0.145893,0.145893
14.641326,0.140515,0.140515
14.661332,0.136497,0.136497
14.681338,0.144257,0.144257
14.701343,0.132149,0.132149
14.721349,0.136704,0.136704
14.741355,0.147654,0.147654
14.761360,0.143341,0.143341
14.781366,0.142991,0.142991
14.801372,0.128310,0.128310
14.821378,0.123254,0.123254
14.841383,0.127037,0.127037
14.861389,0.112142,0.112142
14.881395,0.113584,0.113584
14.901400,0.104894,0.104894
14.921406,0.102230,0.102230
14.941412,0.091105,0.091105
14.961418,0.100011,0.100011
14.981423,0.090057,0.090057
15.001429,0.072533,0.072533
15.021435,0.078362,0.078362
15.041440,0.063027,0.063027
15.061446,0.075108,0.075108
15.081452,0.065321,0.065321
15.101458,0.060346,0.060346
15.121463,0.050440,0.050440
15.141469,0.063502,0.063502
15.161475,0.054634,0.054634
15.181480,0.056327,0.056327
15.201486,0.051048,0.051048
15.221492,0.053431,0.053431
15.241498,0.047653,0.047653
15.261503,0.044117,0.044117
15.281509,0.046165,0.046165
15.301515,0.053798,0.053798
15.321520,0.050000,0.050000
15.341526,0.046108,0.046108
15.361532,0.038832,0.038832
15.381538,0.035519,0.035519
15.401543,0.047683,0.047683
15.421549,0.039853,0.039853
15.441555,0.036112,0.036112
15.461560,0.044746,0.044746
15.481566,0.046621,0.046621
15.501572,0.036946,0.036946
15.521578,0.043251,0.043251
15.541583,0.033718,0.033718
15.561589,0.049458,0.049458
15.581595,0.037882,0.037882
15.601600,0.038425,0.038425
15.621606,0.037116,0.037116
15.641612,0.039801,0.039801
15.661618,0.035606,0.035606
15.681623,0.039671,0.039671
15.701629,0.036693,0.036693
15.721635,0.036893,0.036893
15.741640,0.033380,0.033380
15.761646,0.034939,0.034939
15.781652,0.032327,0.032327
15.801658,0.050267,0.050267
15.821663,0.046163,0.046163
15.841669,0.049862,0.049862
15.861675,0.050325,0.050325
15.881680,0.033253,0.033253
15.901686,0.030938,0.030938
15.921692,0.036781,0.036781
15.941698,0.035523,0.035523
15.961703,0.031080,0.031080
15.981709,0.039069,0.039069
16.001715,0.037614,0.037614
16.021720,0.033628,0.033628
16.041726,0.037033,0.037033
16.061732,0.040916,0.040916
16.081738,0.039596,0.039596
16.101743,0.039629,0.039629
16.121749,0.035062,0.035062
16.141755,0.042041,0.042041
16.161761,0.038960,0.038960
16.181766,0.045533,0.045533
16.201772,0.032175,0.032175
16.221778,0.040055,0.040055
16.241783,0.029785,0.029785
16.261789,0.042706,0.042706
16.281795,0.041167,0.041167
16.301801,0.045117,0.045117
16.321806,0.032003,0.032003
16.341812,0.032973,0.032973
16.361818,0.047862,0.047862
16.381823,0.047015,0.047015
16.401829,0.033198,0.033198
16.421835,0.045374,0.045374
16.441841,0.032311,0.032311
16.461846,0.030085,0.030085
16.481852,0.031159,0.031159
16.501858,0.028937,0.028937
16.521863,0.036150,0.036150
16.541869,0.031493,0.031493
16.561875,0.030836,0.030836
16.581881,0.035716,0.035716
16.601886,0.035806,0.035806
16.621892,0.042648,0.042648
16.641898,0.038693,0.038693
16.661903,0.033095,0.033095
16.681909,0.039929,0.039929
16.701915,0.034920,0.034920
16.721921,0.047133,0.047133
16.741926,0.045369,0.045369
16.761932,0.034310,0.034310
16.781938,0.038567,0.038567
16.801943,0.047567,0.047567
16.821949,0.037437,0.037437
16.841955,0.045443,0.045443
16.861961,0.033825,0.033825
16.881966,0.040058,0.040058
16.901972,0.034387,0.034387
16.921978,0.030243,0.030243
16.941983,0.037710,0.037710
16.961989,0.047497,0.047497
16.981995,0.047534,0.047534
17.002001,0.043601,0.043601
17.022006,0.047679,0.047679
17.042012,0.047391,0.047391
17.062018,0.040878,0.040878
17.082023,0.030131,0.030131
17.102029,0.043037,0.043037
17.122035,0.032690,0.032690
17.142041,0.040165,0.040165
17.162046,0.035128,0.035128
17.182052,0.041468,0.041468
17.202058,0.035439,0.035439
17.222063,0.043135,0.043135
17.242069,0.043526,0.043526
17.262075,0.033917,0.033917
17.282081,0.045670,0.045670
17.302086,0.048408,0.048408
17.322092,0.037169,0.037169
17.342098,0.037617,0.037617
17.362103,0.038770,0.038770
17.382109,0.039293,0.039293
17.402115,0.040274,0.040274
17.422121,0.039870,0.039870
17.442126,0.038816,0.038816
17.462132,0.042679,0.042679
17.482138,0.041134,0.041134
17.502143,0.048647,0.048647
17.522149,0.047615,0.047615
17.542155,0.037900,0.037900
17.562161,0.047570,0.047570
17.582166,0.040716,0.040716
17.602172,0.042377,0.042377
17.622178,0.042501,0.042501
17.642183,0.034239,0.034239
17.662189,0.044744,0.044744
17.682195,0.039533,0.039533
17.702201,0.041046,0.041046
17.722206,0.034188,0.034188
17.742212,0.035998,0.035998
17.762218,0.037119,0.037119
17.782223,0.042264,0.042264
17.802229,0.052342,0.052342
17.822235,0.038582,0.038582
17.842241,0.046946,0.046946
17.862246,0.045142,0.045142
17.882252,0.040985,0.040985
17.902258,0.054118,0.054118
17.922264,0.041045,0.041045
17.942269,0.045851,0.045851
17.962275,0.044300,0.044300
17.982281,0.044164,0.044164
18.002286,0.050031,0.050031
18.022292,0.046080,0.046080
18.042298,0.042852,0.042852
18.062304,0.044499,0.044499
18.082309,0.043485,0.043485
18.102315,0.055858,0.055858
18.122321,0.050873,0.050873
18.142326,0.061286,0.061286
18.162332,0.054276,0.054276
18.182338,0.050890,0.050890
18.202344,0.045792,0.045792
18.222349,0.050341,0.050341
18.242355,0.055994,0.055994
18.262361,0.056507,0.056507
18.282366,0.054452,0.054452
18.302372,0.049802,0.049802
18.322378,0.065570,0.065570
18.342384,0.050328,0.050328
18.362389,0.059430,0.059430
18.382395,0.065216,0.065216
18.402401,0.065439,0.065439
18.422406,0.057906,0.057906
18.442412,0.057415,0.057415
18.462418,0.064217,0.064217
18.482424,0.066795,0.066795
18.502429,0.053031,0.053031
18.522435,0.061926,0.061926
18.542441,0.048941,0.048941
18.562446,0.053635,0.053635
18.582452,0.056010,0.056010
18.602458,0.053089,0.053089
18.622464,0.043304,0.043304
18.642469,0.041809,0.041809
18.662475,0.051823,0.051823
18.682481,0.047165,0.047165
18.702486,0.047548,0.047548
18.722492,0.046124,0.046124
18.742498,0.033976,0.033976
18.762504,0.047642,0.047642
18.782509,0.047865,0.047865
18.802515,0.039224,0.039224
18.822521,0.032082,0.032082
18.842526,0.037247,0.037247
18.862532,0.035475,0.035475
18.882538,0.037400,0.037400
18.902544,0.044479,0.044479
18.922549,0.029044,0.029044
18.942555,0.037779,0.037779
18.962561,0.029384,0.029384
18.982566,0.027143,0.027143
19.002572,0.038176,0.038176
19.022578,0.038330,0.038330
19.042584,0.024509,0.024509
19.062589,0.042766,0.042766
19.082595,0.039769,0.039769
19.102601,0.029430,0.029430
19.122606,0.035365,0.035365
19.142612,0.027160,0.027160
19.162618,0.031653,0.031653
19.182624,0.033054,0.033054
19.202629,0.032983,0.032983
19.222635,0.026681,0.026681
19.242641,0.023264,0.023264
19.262646,0.036204,0.036204
19.282652,0.036626,0.036626
19.302658,0.025826,0.025826
19.322664,0.036326,0.036326
19.342669,0.040077,0.040077
19.362675,0.039399,0.039399
19.382681,0.023467,0.023467
19.402686,0.028381,0.028381
19.422692,0.030499,0.030499
19.442698,0.024981,0.024981
19.462704,0.036412,0.036412
19.482709,0.038612,0.038612
19.502715,0.038720,0.038720
19.522721,0.037224,0.037224
19.542726,0.026491,0.026491
19.562732,0.032957,0.032957
19.582738,0.024404,0.024404
19.602744,0.029216,0.029216
19.622749,0.038923,0.038923
19.642755,0.038267,0.038267
19.662761,0.037408,0.037408
19.682767,0.038044,0.038044
19.702772,0.034668,0.034668
19.722778,0.022852,0.022852
19.742784,0.036297,0.036297
19.762789,0.024676,0.024676
19.782795,0.033470,0.033470
19.802801,0.021832,0.021832
19.822807,0.034375,0.034375
19.842812,0.027531,0.027531
19.862818,0.039976,0.039976
19.882824,0.022029,0.022029
19.902829,0.023011,0.023011
19.922835,0.031366,0.031366
19.942841,0.032795,0.032795
19.962847,0.036038,0.036038
19.982852,0.032065,0.032065
20.002858,0.034801,0.034801
20.022864,0.028737,0.028737
20.042869,0.024737,0.024737
20.062875,0.022806,0.022806
20.082881,0.034266,0.034266
20.102887,0.031715,0.031715
20.122892,0.029786,0.029786
20.142898,0.038127,0.038127
20.162904,0.026735,0.026735
20.182909,0.033870,0.033870
20.202915,0.030344,0.030344
20.222921,0.038965,0.038965
20.242927,0.035972,0.035972
20.262932,0.022350,0.022350
20.282938,0.030323,0.030323
20.302944,0.034062,0.034062
20.322949,0.029322,0.029322
20.342955,0.030819,0.030819
20.362961,0.035704,0.035704
20.382967,0.022882,0.022882
20.402972,0.032500,0.032500
20.422978,0.026914,0.026914
20.442984,0.033213,0.033213
20.462989,0.030715,0.030715
20.482995,0.028237,0.028237
20.503001,0.028740,0.028740
20.523007,0.032354,0.032354
20.543012,0.026267,0.026267
20.563018,0.039497,0.039497
20.583024,0.033782,0.033782
20.603029,0.026159,0.026159
20.623035,0.021092,0.021092
20.643041,0.036890,0.036890
20.663047,0.021889,0.021889
20.683052,0.022227,0.022227
20.703058,0.029274,0.029274
20.723064,0.033256,0.033256
20.743069,0.022465,0.022465
20.763075,0.036765,0.036765
20.783081,0.034069,0.034069
20.803087,0.034896,0.034896
20.823092,0.034102,0.034102
20.843098,0.027704,0.027704
20.863104,0.029685,0.029685
20.883109,0.026760,0.026760
20.903115,0.024078,0.024078
20.923121,0.023109,0.023109
20.943127,0.025382,0.025382
20.963132,0.026792,0.026792
20.983138,0.026043,0.026043
21.003144,0.034332,0.034332
21.023149,0.025714,0.025714
21.043155,0.039071,0.039071
21.063161,0.025324,0.025324
21.083167,0.029018,0.029018
21.103172,0.027259,0.027259
21.123178,0.022126,0.022126
21.143184,0.040513,0.040513
21.163189,0.021670,0.021670
21.183195,0.035047,0.035047
21.203201,0.035802,0.035802
21.223207,0.034486,0.034486
21.243212,0.039310,0.039310
21.263218,0.032070,0.032070
21.283224,0.034369,0.034369
21.303229,0.025552,0.025552
21.323235,0.029081,0.029081
21.343241,0.035778,0.035778
21.363247,0.025397,0.025397
21.383252,0.039452,0.039452
21.403258,0.038397,0.038397
21.423264,0.030375,0.030375
21.443270,0.026674,0.026674
21.463275,0.032287,0.032287
21.483281,0.039613,0.039613
21.503287,0.038746,0.038746
21.523292,0.047589,0.047589
21.543298,0.037370,0.037370
21.563304,0.038925,0.038925
21.583310,0.048585,0.048585
21.603315,0.047112,0.047112
21.623321,0.046524,0.046524
21.643327,0.051652,0.051652
21.663332,0.041264,0.041264
21.683338,0.038403,0.038403
21.703344,0.040695,0.040695
21.723350,0.048793,0.048793
21.743355,0.051246,0.051246
21.763361,0.045525,0.045525
21.783367,0.055776,0.055776
21.803372,0.049458,0.049458
21.823378,0.052130,0.052130
21.843384,0.050418,0.050418
21.863390,0.056855,0.056855
21.883395,0.056112,0.056112
21.903401,0.047323,0.047323
21.923407,0.057068,0.057068
21.943412,0.054575,0.054575
21.963418,0.069187,0.069187
21.983424,0.056258,0.056258
22.003430,0.073507,0.073507
22.023435,0.058841,0.058841
22.043441,0.073690,0.073690
22.063447,0.070366,0.070366
22.083452,0.076715,0.076715
22.103458,0.065118,0.065118
22.123464,0.085109,0.085109
22.143470,0.078817,0.078817
22.163475,0.086088,0.086088
22.183481,0.082499,0.082499
22.203487,0.075039,0.075039
22.223492,0.096093,0.096093
22.243498,0.091421,0.091421
22.263504,0.082577,0.082577
22.283510,0.101452,0.101452
22.303515,0.090492,0.090492
22.323521,0.102674,0.102674
22.343527,0.096328,0.096328
22.363532,0.105763,0.105763
22.383538,0.091652,0.091652
22.403544,0.100928,0.100928
22.423550,0.100072,0.100072
22.443555,0.107060,0.107060
22.463561,0.104622,0.104622
22.483567,0.102643,0.102643
22.503572,0.090286,0.090286
22.523578,0.089176,0.089176
22.543584,0.080882,0.080882
22.563590,0.090577,0.090577
22.583595,0.093654,0.093654
22.603601,0.075373,0.075373
22.623607,0.076190,0.076190
22.643612,0.069679,0.069679
22.663618,0.078367,0.078367
22.683624,0.061726,0.061726
22.703630,0.073034,0.073034
22.723635,0.056452,0.056452
22.743641,0.070534,0.070534
22.763647,0.053952,0.053952
22.783652,0.060408,0.060408
22.803658,0.069007,0.069007
22.823664,0.061070,0.061070
22.843670,0.066973,0.066973
22.863675,0.069495,0.069495
22.883681,0.066137,0.066137
22.903687,0.062191,0.062191
22.923692,0.069432,0.069432
22.943698,0.063370,0.063370
22.963704,0.059403,0.059403
22.983710,0.068250,0.068250
23.003715,0.069857,0.069857
23.023721,0.067724,0.067724
23.043727,0.072122,0.072122
23.063732,0.078264,0.078264
23.083738,0.077806,0.077806
23.103744,0.085821,0.085821
23.123750,0.092901,0.092901
23.143755,0.100069,0.100069
23.163761,0.094172,0.094172
23.183767,0.092271,0.092271
23.203773,0.094519,0.094519
23.223778,0.114300,0.114300
23.243784,0.110996,0.110996
23.263790,0.108804,0.108804
23.283795,0.113377,0.113377
23.303801,0.121948,0.121948
23.323807,0.121521,0.121521
23.343813,0.121668,0.121668
23.363818,0.132058,0.132058
23.383824,0.136653,0.136653
23.403830,0.145698,0.145698
23.423835,0.143281,0.143281
23.443841,0.145764,0.145764
23.463847,0.161829,0.161829
23.483853,0.156366,0.156366
23.503858,0.155701,0.155701
23.523864,0.157364,0.157364
23.543870,0.166832,0.166832
23.563875,0.163535,0.163535
23.583881,0.158962,0.158962
23.603887,0.166590,0.166590
23.623893,0.156995,0.156995
23.643898,0.153122,0.153122
23.663904,0.149818,0.149818
23.683910,0.148948,0.148948
23.703915,0.154437,0.154437
23.723921,0.147142,0.147142
23.743927,0.127231,0.127231
23.763933,0.127454,0.127454
23.783938,0.119351,0.119351
23.803944,0.105966,0.105966
23.823950,0.103800,0.103800
23.843955,0.079534,0.079534
23.863961,0.074581,0.074581
23.883967,0.065716,0.065716
23.903973,0.056864,0.056864
23.923978,0.061851,0.061851
23.943984,0.050852,0.050852
23.963990,0.057395,0.057395
23.983995,0.053139,0.053139
24.004001,0.037678,0.037678
24.024007,0.049257,0.049257
24.044013,0.029230,0.029230
24.064018,0.029546,0.029546
24.084024,0.038313,0.038313
24.104030,0.026139,0.026139
24.124035,0.039122,0.039122
24.144041,0.041632,0.041632
24.164047,0.023511,0.023511
24.184053,0.023023,0.023023
24.204058,0.033679,0.033679
24.224064,0.022209,0.022209
24.244070,0.033492,0.033492
24.264075,0.031413,0.031413
24.284081,0.022485,0.022485
24.304087,0.026968,0.026968
24.324093,0.033558,0.033558
24.344098,0.030064,0.030064
24.364104,0.018909,0.018909
24.384110,0.034542,0.034542
24.404115,0.030278,0.030278
24.424121,0.025942,0.025942
24.444127,0.031322,0.031322
24.464133,0.018555,0.018555
24.484138,0.035012,0.035012
24.504144,0.019369,0.019369
24.524150,0.021324,0.021324
24.544155,0.018168,0.018168
24.564161,0.024616,0.024616
24.584167,0.017126,0.017126
24.604173,0.018787,0.018787
24.624178,0.032617,0.032617
24.644184,0.032961,0.032961
24.664190,0.021635,0.021635
24.684195,0.023249,0.023249
24.704201,0.016956,0.016956
24.724207,0.022788,0.022788
24.744213,0.028684,0.028684
24.764218,0.029420,0.029420
24.784224,0.022951,0.022951
24.804230,0.026740,0.026740
24.824235,0.018985,0.018985
24.844241,0.034078,0.034078
24.864247,0.025191,0.025191
24.884253,0.015847,0.015847
24.904258,0.021132,0.021132
24.924264,0.024851,0.024851
24.944270,0.018109,0.018109
24.964276,0.031391,0.031391
24.984281,0.018767,0.018767
25.004287,0.015967,0.015967
25.024293,0.017700,0.017700
25.044298,0.025058,0.025058
25.064304,0.033959,0.033959
25.084310,0.015472,0.015472
25.104316,0.015218,0.015218
25.124321,0.032673,0.032673
25.144327,0.031370,0.031370
25.164333,0.028504,0.028504
25.184338,0.033077,0.033077
25.204344,0.016430,0.016430
25.224350,0.031831,0.031831
25.244356,0.023082,0.023082
25.264361,0.020299,0.020299
25.284367,0.017059,0.017059
25.304373,0.023569,0.023569
25.324378,0.018848,0.018848
25.344384,0.023812,0.023812
25.364390,0.029590,0.029590
25.384396,0.019522,0.019522
25.404401,0.030148,0.030148
25.424407,0.022359,0.022359
25.444413,0.023907,0.023907
25.464418,0.031983,0.031983
25.484424,0.030736,0.030736
25.504430,0.027929,0.027929
25.524436,0.027012,0.027012
25.544441,0.028403,0.028403
25.564447,0.025275,0.025275
25.584453,0.032468,0.032468
25.604458,0.025430,0.025430
25.624464,0.017839,0.017839
25.644470,0.020590,0.020590
25.664476,0.024677,0.024677
25.684481,0.018687,0.018687
25.704487,0.020223,0.020223
25.724493,0.028393,0.028393
25.744498,0.014764,0.014764
25.764504,0.018926,0.018926
25.784510,0.022177,0.022177
25.804516,0.020543,0.020543
25.824521,0.029948,0.029948
25.844527,0.022970,0.022970
25.864533,0.013861,0.013861
25.884538,0.028015,0.028015
25.904544,0.017831,0.017831
25.924550,0.032077,0.032077
25.944556,0.013572,0.013572
25.964561,0.025973,0.025973
25.984567,0.029808,0.029808
26.004573,0.016051,0.016051
26.024578,0.013775,0.013775
26.044584,0.015425,0.015425
26.064590,0.016690,0.016690
26.084596,0.020625,0.020625
26.104601,0.017340,0.017340
26.124607,0.020269,0.020269
26.144613,0.017497,0.017497
26.164618,0.022879,0.022879
26.184624,0.025014,0.025014
26.204630,0.027217,0.027217
26.224636,0.018251,0.018251
26.244641,0.022526,0.022526
26.264647,0.031736,0.031736
26.284653,0.027532,0.027532
26.304658,0.012924,0.012924
26.324664,0.018855,0.018855
26.344670,0.012907,0.012907
26.364676,0.013755,0.013755
26.384681,0.015110,0.015110
26.404687,0.023636,0.023636
26.424693,0.029302,0.029302
26.444698,0.030094,0.030094
26.464704,0.027031,0.027031
26.484710,0.022878,0.022878
26.504716,0.031039,0.031039
26.524721,0.020447,0.020447
26.544727,0.026543,0.026543
26.564733,0.030999,0.030999
26.584738,0.028213,0.028213
26.604744,0.026116,0.026116
26.624750,0.025868,0.025868
26.644756,0.022113,0.022113
26.664761,0.015143,0.015143
26.684767,0.014458,0.014458
26.704773,0.026445,0.026445
26.724779,0.019225,0.019225
26.744784,0.022140,0.022140
26.764790,0.031211,0.031211
26.784796,0.015814,0.015814
26.804801,0.019139,0.019139
26.824807,0.030188,0.030188
26.844813,0.026645,0.026645
26.864819,0.026172,0.026172
26.884824,0.030892,0.030892
26.904830,0.030963,0.030963
26.924836,0.024094,0.024094
26.944841,0.016679,0.016679
26.964847,0.028418,0.028418
26.984853,0.016494,0.016494
27.004859,0.030425,0.030425
27.024864,0.018725,0.018725
27.044870,0.031407,0.031407
27.064876,0.015229,0.015229
27.084881,0.029841,0.029841
27.104887,0.026745,0.026745
27.124893,0.031274,0.031274
27.144899,0.028697,0.028697
27.164904,0.012721,0.012721
27.184910,0.017894,0.017894
27.204916,0.024967,0.024967
27.224921,0.019060,0.019060
27.244927,0.020309,0.020309
27.264933,0.017655,0.017655
27.284939,0.022304,0.022304
27.304944,0.023168,0.023168
27.324950,0.023788,0.023788
27.344956,0.014874,0.014874
27.364961,0.012447,0.012447
27.384967,0.031077,0.031077
27.404973,0.031948,0.031948
27.424979,0.020313,0.020313
27.444984,0.022055,0.022055
27.464990,0.020725,0.020725
27.484996,0.014837,0.014837
27.505001,0.016412,0.016412
27.525007,0.026789,0.026789
27.545013,0.013015,0.013015
27.565019,0.014002,0.014002
27.585024,0.018968,0.018968
27.605030,0.016550,0.016550
27.625036,0.012510,0.012510
27.645041,0.027791,0.027791
27.665047,0.012721,0.012721
27.685053,0.020246,0.020246
27.705059,0.030722,0.030722
27.725064,0.027358,0.027358
27.745070,0.028342,0.028342
27.765076,0.020302,0.020302
27.785081,0.021007,0.021007
27.805087,0.018549,0.018549
27.825093,0.018774,0.018774
27.845099,0.019743,0.019743
27.865104,0.025042,0.025042
27.885110,0.028037,0.028037
27.905116,0.014910,0.014910
27.925121,0.019849,0.019849
27.945127,0.027906,0.027906
27.965133,0.029936,0.029936
27.985139,0.013852,0.013852
28.005144,0.014088,0.014088
28.025150,0.028116,0.028116
28.045156,0.032724,0.032724
28.065161,0.028682,0.028682
28.085167,0.031080,0.031080
28.105173,0.032410,0.032410
28.125179,0.029630,0.029630
28.145184,0.027570,0.027570
28.165190,0.028965,0.028965
28.185196,0.026695,0.026695
28.205201,0.022805,0.022805
28.225207,0.026867,0.026867
28.245213,0.026998,0.026998
28.265219,0.020919,0.020919
28.285224,0.019438,0.019438
28.305230,0.026103,0.026103
28.325236,0.022195,0.022195
28.345241,0.033649,0.033649
28.365247,0.026811,0.026811
28.385253,0.015733,0.015733
28.405259,0.025411,0.025411
28.425264,0.016139,0.016139
28.445270,0.026421,0.026421
28.465276,0.022174,0.022174
28.485282,0.026047,0.026047
28.505287,0.026407,0.026407
28.525293,0.032540,0.032540
28.545299,0.033431,0.033431
28.565304,0.022300,0.022300
28.585310,0.022646,0.022646
28.605316,0.034313,0.034313
28.625322,0.024854,0.024854
28.645327,0.016474,0.016474
28.665333,0.020890,0.020890
28.685339,0.027482,0.027482
28.705344,0.020724,0.020724
28.725350,0.021456,0.021456
28.745356,0.018695,0.018695
28.765362,0.022666,0.022666
28.785367,0.024181,0.024181
28.805373,0.019919,0.019919
28.825379,0.019122,0.019122
28.845384,0.023102,0.023102
28.865390,0.023601,0.023601
28.885396,0.019974,0.019974
28.905402,0.020002,0.020002
28.925407,0.025717,0.025717
28.945413,0.029601,0.029601
28.965419,0.028162,0.028162
28.985424,0.027913,0.027913
29.005430,0.029164,0.029164
29.025436,0.034463,0.034463
29.045442,0.026961,0.026961
29.065447,0.029314,0.029314
29.085453,0.037914,0.037914
29.105459,0.027413,0.027413
29.125464,0.043661,0.043661
29.145470,0.043890,0.043890
29.165476,0.030119,0.030119
29.185482,0.033928,0.033928
29.205487,0.039559,0.039559
29.225493,0.050680,0.050680
29.245499,0.050090,0.050090
29.265504,0.052247,0.052247
29.285510,0.056964,0.056964
29.305516,0.061474,0.061474
29.325522,0.063946,0.063946
29.345527,0.052571,0.052571
29.365533,0.060780,0.060780
29.385539,0.068389,0.068389
29.405544,0.071384,0.071384
29.425550,0.077617,0.077617
29.445556,0.076649,0.076649
29.465562,0.087527,0.087527
29.485567,0.090212,0.090212
29.505573,0.116610,0.116610
29.525579,0.108257,0.108257
29.545584,0.118180,0.118180
29.565590,0.134387,0.134387
29.585596,0.142861,0.142861
29.605602,0.158727,0.158727
29.625607,0.167425,0.167425
29.645613,0.175083,0.175083
29.665619,0.208277,0.208277
29.685624,0.221387,0.221387
29.705630,0.240688,0.240688
29.725636,0.253898,0.253898
29.745642,0.273647,0.273647
29.765647,0.282434,0.282434
29.785653,0.307754,0.307754
29.805659,0.325158,0.325158
29.825664,0.348503,0.348503
29.845670,0.390404,0.390404
29.865676,0.402734,0.402734
29.885682,0.428607,0.428607
29.905687,0.465490,0.465490
29.925693,0.502690,0.502690
29.945699,0.522539,0.522539
29.965704,0.548413,0.548413
29.985710,0.588808,0.588808
30.005716,0.632371,0.632371
30.025722,0.664955,0.664955
30.045727,0.695625,0.695625
30.065733,0.733353,0.733353
30.085739,0.764111,0.764111
30.105744,0.804389,0.804389
30.125750,0.826126,0.826126
30.145756,0.867443,0.867443
30.165762,0.896667,0.896667
30.185767,0.920028,0.920028
30.205773,0.958952,0.958952
30.225779,0.978169,0.978169
30.245785,0.996828,0.996828
30.265790,0.989689,0.989689
30.285796,1.000000,1.000000
30.305802,0.992208,0.992208
30.325807,0.991952,0.991952
30.345813,0.963541,0.963541
30.365819,0.945567,0.945567
30.385825,0.928639,0.928639
30.405830,0.880180,0.880180
30.425836,0.840572,0.840572
30.445842,0.795258,0.795258
30.465847,0.748245,0.748245
30.485853,0.707513,0.707513
30.505859,0.644781,0.644781
30.525865,0.591923,0.591923
30.545870,0.552010,0.552010
30.565876,0.493547,0.493547
30.585882,0.458169,0.458169
30.605887,0.409076,0.409076
30.625893,0.370388,0.370388
30.645899,0.339306,0.339306
30.665905,0.310322,0.310322
30.685910,0.275643,0.275643
30.705916,0.241867,0.241867
30.725922,0.227774,0.227774
30.745927,0.204727,0.204727
30.765933,0.173779,0.173779
30.785939,0.161495,0.161495
30.805945,0.139868,0.139868
30.825950,0.123577,0.123577
30.845956,0.119384,0.119384
30.865962,0.116231,0.116231
30.885967,0.101455,0.101455
30.905973,0.087728,0.087728
30.925979,0.083429,0.083429
30.945985,0.067835,0.067835
30.965990,0.060828,0.060828
30.985996,0.061571,0.061571
31.006002,0.060094,0.060094
31.026007,0.054098,0.054098
31.046013,0.062763,0.062763
31.066019,0.060425,0.060425
31.086025,0.051151,0.051151
31.106030,0.049891,0.049891
31.126036,0.050469,0.050469
31.146042,0.036183,0.036183
31.166047,0.052279,0.052279
31.186053,0.035501,0.035501
31.206059,0.047929,0.047929
31.226065,0.046984,0.046984
31.246070,0.031450,0.031450
31.266076,0.030329,0.030329
31.286082,0.036941,0.036941
31.306087,0.031110,0.031110
31.326093,0.038969,0.038969
31.346099,0.042513,0.042513
31.366105,0.045155,0.045155
31.386110,0.046057,0.046057
31.406116,0.031439,0.031439
31.426122,0.029517,0.029517
31.446127,0.037373,0.037373
31.466133,0.034682,0.034682
31.486139,0.043014,0.043014
31.506145,0.030495,0.030495
31.526150,0.035566,0.035566
31.546156,0.034401,0.034401
31.566162,0.033475,0.033475
31.586167,0.031848,0.031848
31.606173,0.043189,0.043189
31.626179,0.039213,0.039213
31.646185,0.030391,0.030391
31.666190,0.040920,0.040920
31.686196,0.044493,0.044493
31.706202,0.031206,0.031206
31.726207,0.039122,0.039122
31.746213,0.037219,0.037219
31.766219,0.041399,0.041399
31.786225,0.048124,0.048124
31.806230,0.045497,0.045497
31.826236,0.038760,0.038760
31.846242,0.046204,0.046204
31.866247,0.052383,0.052383
31.886253,0.040017,0.040017
31.906259,0.053976,0.053976
31.926265,0.043264,0.043264
31.946270,0.057506,0.057506
31.966276,0.068518,0.068518
31.986282,0.073403,0.073403
32.006288,0.076914,0.076914
32.026293,0.082898,0.082898
32.046299,0.073693,0.073693
32.066305,0.076058,0.076058
32.086310,0.100493,0.100493
32.106316,0.092157,0.092157
32.126322,0.110222,0.110222
32.146328,0.108586,0.108586
32.166333,0.120193,0.120193
32.186339,0.142153,0.142153
32.206345,0.141654,0.141654
32.226350,0.164642,0.164642
32.246356,0.170605,0.170605
32.266362,0.184423,0.184423
32.286368,0.205967,0.205967
32.306373,0.224161,0.224161
32.326379,0.227464,0.227464
32.346385,0.244692,0.244692
32.366390,0.265776,0.265776
32.386396,0.297683,0.297683
32.406402,0.318580,0.318580
32.426408,0.324543,0.324543
32.446413,0.355604,0.355604
32.466419,0.383841,0.383841
32.486425,0.394814,0.394814
32.506430,0.430793,0.430793
32.526436,0.450231,0.450231
32.546442,0.485237,0.485237
32.566448,0.501911,0.501911
32.586453,0.547346,0.547346
32.606459,0.565836,0.565836
32.626465,0.583548,0.583548
32.646470,0.619310,0.619310
32.666476,0.623575,0.623575
32.686482,0.643694,0.643694
32.706488,0.662775,0.662775
32.726493,0.674233,0.674233
32.746499,0.662761,0.662761
32.766505,0.658589,0.658589
32.786510,0.648236,0.648236
32.806516,0.625030,0.625030
32.826522,0.604095,0.604095
32.846528,0.578434,0.578434
32.866533,0.533935,0.533935
32.886539,0.503449,0.503449
32.906545,0.467419,0.467419
32.926550,0.423178,0.423178
32.946556,0.375855,0.375855
32.966562,0.324063,0.324063
32.986568,0.296108,0.296108
33.006573,0.263217,0.263217
33.026579,0.218011,0.218011
33.046585,0.199328,0.199328
33.066590,0.159024,0.159024
33.086596,0.153117,0.153117
33.106602,0.135427,0.135427
33.126608,0.120343,0.120343
33.146613,0.107453,0.107453
33.166619,0.090446,0.090446
33.186625,0.078365,0.078365
33.206630,0.077769,0.077769
33.226636,0.064167,0.064167
33.246642,0.060790,0.060790
33.266648,0.053823,0.053823
33.286653,0.053689,0.053689
33.306659,0.047890,0.047890
33.326665,0.041105,0.041105
33.346670,0.035826,0.035826
33.366676,0.050970,0.050970
33.386682,0.031377,0.031377
33.406688,0.033259,0.033259
33.426693,0.037089,0.037089
33.446699,0.035184,0.035184
33.466705,0.040423,0.040423
33.486710,0.025077,0.025077
33.506716,0.024664,0.024664
33.526722,0.024074,0.024074
33.546728,0.031114,0.031114
33.566733,0.035459,0.035459
33.586739,0.024834,0.024834
33.606745,0.031419,0.031419
33.626751,0.027419,0.027419
33.646756,0.020895,0.020895
33.666762,0.037715,0.037715
33.686768,0.023939,0.023939
33.706773,0.018945,0.018945
33.726779,0.021061,0.021061
33.746785,0.017785,0.017785
33.766791,0.017325,0.017325
33.786796,0.027055,0.027055
33.806802,0.017719,0.017719
33.826808,0.027994,0.027994
33.846813,0.032167,0.032167
33.866819,0.033293,0.033293
33.886825,0.016517,0.016517
33.906831,0.029204,0.029204
33.926836,0.017338,0.017338
33.946842,0.018290,0.018290
33.966848,0.029536,0.029536
33.986853,0.025728,0.025728
34.006859,0.017071,0.017071
34.026865,0.035299,0.035299
34.046871,0.028844,0.028844
34.066876,0.020871,0.020871
34.086882,0.018338,0.018338
34.106888,0.032926,0.032926
34.126893,0.019866,0.019866
34.146899,0.037548,0.037548
34.166905,0.032189,0.032189
34.186911,0.025165,0.025165
34.206916,0.040036,0.040036
34.226922,0.036266,0.036266
34.246928,0.028822,0.028822
34.266933,0.037368,0.037368
34.286939,0.041605,0.041605
34.306945,0.037584,0.037584
34.326951,0.042438,0.042438
34.346956,0.048830,0.048830
34.366962,0.042397,0.042397
34.386968,0.048732,0.048732
34.406973,0.057089,0.057089
34.426979,0.055827,0.055827
34.446985,0.064482,0.064482
34.466991,0.068861,0.068861
34.486996,0.072881,0.072881
34.507002,0.067098,0.067098
34.527008,0.081350,0.081350
34.547013,0.091408,0.091408
34.567019,0.085774,0.085774
34.587025,0.098636,0.098636
34.607031,0.094964,0.094964
34.627036,0.116398,0.116398
34.647042,0.117649,0.117649
34.667048,0.127370,0.127370
34.687053,0.130480,0.130480
34.707059,0.146823,0.146823
34.727065,0.154045,0.154045
34.747071,0.154706,0.154706
34.767076,0.156362,0.156362
34.787082,0.167325,0.167325
34.807088,0.164112,0.164112
34.827093,0.172783,0.172783
34.847099,0.178910,0.178910
34.867105,0.176894,0.176894
34.887111,0.184545,0.184545
34.907116,0.187150,0.187150
34.927122,0.180592,0.180592
34.947128,0.181100,0.181100
34.967133,0.172234,0.172234
34.987139,0.166908,0.166908
35.007145,0.143839,0.143839
35.027151,0.150324,0.150324
35.047156,0.138974,0.138974
35.067162,0.117641,0.117641
35.087168,0.108524,0.108524
35.107173,0.098484,0.098484
35.127179,0.084570,0.084570
35.147185,0.080236,0.080236
35.167191,0.080739,0.080739
35.187196,0.072812,0.072812
35.207202,0.049345,0.049345
35.227208,0.060033,0.060033
35.247213,0.044563,0.044563
35.267219,0.040195,0.040195
35.287225,0.028768,0.028768
35.307231,0.044004,0.044004
35.327236,0.023632,0.023632
35.347242,0.030889,0.030889
35.367248,0.020209,0.020209
35.387254,0.034157,0.034157
35.407259,0.028789,0.028789
35.427265,0.019123,0.019123
35.447271,0.016846,0.016846
35.467276,0.024539,0.024539
35.487282,0.014106,0.014106
35.507288,0.020983,0.020983
35.527294,0.030366,0.030366
35.547299,0.013218,0.013218
35.567305,0.025625,0.025625
35.587311,0.017510,0.017510
35.607316,0.011598,0.011598
35.627322,0.027961,0.027961
35.647328,0.011143,0.011143
35.667334,0.018103,0.018103
35.687339,0.024259,0.024259
35.707345,0.023436,0.023436
35.727351,0.015624,0.015624
35.747356,0.018798,0.018798
35.767362,0.018401,0.018401
35.787368,0.020593,0.020593
35.807374,0.009950,0.009950
35.827379,0.019522,0.019522
35.847385,0.018669,0.018669
35.867391,0.015648,0.015648
35.887396,0.017339,0.017339
35.907402,0.021632,0.021632
35.927408,0.025647,0.025647
35.947414,0.022872,0.022872
35.967419,0.020210,0.020210
35.987425,0.016838,0.016838
36.007431,0.017892,0.017892
36.027436,0.010190,0.010190
36.047442,0.014758,0.014758
36.067448,0.016922,0.016922
36.087454,0.012667,0.012667
36.107459,0.026378,0.026378
36.127465,0.012288,0.012288
36.147471,0.027856,0.027856
36.167476,0.018361,0.018361
36.187482,0.022432,0.022432
36.207488,0.025742,0.025742
36.227494,0.013213,0.013213
36.247499,0.023177,0.023177
36.267505,0.027531,0.027531
36.287511,0.021073,0.021073
36.307516,0.020686,0.020686
36.327522,0.015696,0.015696
36.347528,0.026290,0.026290
36.367534,0.032552,0.032552
36.387539,0.034240,0.034240
36.407545,0.031926,0.031926
36.427551,0.028753,0.028753
36.447556,0.026646,0.026646
36.467562,0.040689,0.040689
36.487568,0.037511,0.037511
36.507574,0.036493,0.036493
36.527579,0.028134,0.028134
36.547585,0.029340,0.029340
36.567591,0.041361,0.041361
36.587596,0.034642,0.034642
36.607602,0.042096,0.042096
36.627608,0.053458,0.053458
36.647614,0.059431,0.059431
36.667619,0.063189,0.063189
36.687625,0.070559,0.070559
36.707631,0.070210,0.070210
36.727636,0.067477,0.067477
36.747642,0.083698,0.083698
36.767648,0.087503,0.087503
36.787654,0.087805,0.087805
36.807659,0.094890,0.094890
36.827665,0.111647,0.111647
36.847671,0.118295,0.118295
36.867676,0.109165,0.109165
36.887682,0.131552,0.131552
36.907688,0.133293,0.133293
36.927694,0.143000,0.143000
36.947699,0.151171,0.151171
36.967705,0.167073,0.167073
36.987711,0.167327,0.167327
37.007716,0.177979,0.177979
37.027722,0.181139,0.181139
37.047728,0.183681,0.183681
37.067734,0.205300,0.205300
37.087739,0.215219,0.215219
37.107745,0.221028,0.221028
37.127751,0.231469,0.231469
37.147757,0.240668,0.240668
37.167762,0.247199,0.247199
37.187768,0.248533,0.248533
37.207774,0.245873,0.245873
37.227779,0.265473,0.265473
37.247785,0.264388,0.264388
37.267791,0.259098,0.259098
37.287797,0.249733,0.249733
37.307802,0.244200,0.244200
37.327808,0.239450,0.239450
37.347814,0.240487,0.240487
37.367819,0.211763,0.211763
37.387825,0.214401,0.214401
37.407831,0.194265,0.194265
37.427837,0.166281,0.166281
37.447842,0.149684,0.149684
37.467848,0.136049,0.136049
37.487854,0.130769,0.130769
37.507859,0.119696,0.119696
37.527865,0.093466,0.093466
37.547871,0.096247,0.096247
37.567877,0.074199,0.074199
37.587882,0.069254,0.069254
37.607888,0.055629,0.055629
37.627894,0.061474,0.061474
37.647899,0.052809,0.052809
37.667905,0.045858,0.045858
37.687911,0.040637,0.040637
37.707917,0.030938,0.030938
37.727922,0.038515,0.038515
37.747928,0.039690,0.039690
37.767934,0.029450,0.029450
37.787939,0.022680,0.022680
37.807945,0.024099,0.024099
37.827951,0.022826,0.022826
37.847957,0.022006,0.022006
37.867962,0.032831,0.032831
37.887968,0.030628,0.030628
37.907974,0.016408,0.016408
37.927979,0.030221,0.030221
37.947985,0.013786,0.013786
37.967991,0.021533,0.021533
37.987997,0.029502,0.029502
38.008002,0.025442,0.025442
38.028008,0.024659,0.024659
38.048014,0.027689,0.027689
38.068019,0.019309,0.019309
38.088025,0.011504,0.011504
38.108031,0.008676,0.008676
38.128037,0.020348,0.020348
38.148042,0.016342,0.016342
38.168048,0.017005,0.017005
38.188054,0.014241,0.014241
38.208059,0.008616,0.008616
38.228065,0.008475,0.008475
38.248071,0.011004,0.011004
38.268077,0.008948,0.008948
38.288082,0.011013,0.011013
38.308088,0.007203,0.007203
38.328094,0.019291,0.019291
38.348099,0.022444,0.022444
38.368105,0.023469,0.023469
38.388111,0.014398,0.014398
38.408117,0.022221,0.022221
38.428122,0.011078,0.011078
38.448128,0.016250,0.016250
38.468134,0.024104,0.024104
38.488139,0.021311,0.021311
38.508145,0.024822,0.024822
38.528151,0.021340,0.021340
38.548157,0.022854,0.022854
38.568162,0.020452,0.020452
38.588168,0.012227,0.012227
38.608174,0.014981,0.014981
38.628179,0.010908,0.010908
38.648185,0.017680,0.017680
38.668191,0.017664,0.017664
38.688197,0.005646,0.005646
38.708202,0.008337,0.008337
38.728208,0.017506,0.017506
38.748214,0.005019,0.005019
38.768219,0.014831,0.014831
38.788225,0.015180,0.015180
38.808231,0.006760,0.006760
38.828237,0.017499,0.017499
38.848242,0.010863,0.010863
38.868248,0.019376,0.019376
38.888254,0.004282,0.004282
38.908260,0.019029,0.019029
38.928265,0.014823,0.014823
38.948271,0.022700,0.022700
38.968277,0.004244,0.004244
38.988282,0.007060,0.007060
39.008288,0.008376,0.008376
39.028294,0.008787,0.008787
39.048300,0.005473,0.005473
39.068305,0.022721,0.022721
39.088311,0.007092,0.007092
39.108317,0.020558,0.020558
39.128322,0.010166,0.010166
39.148328,0.019190,0.019190
39.168334,0.017376,0.017376
39.188340,0.009478,0.009478
39.208345,0.014564,0.014564
39.228351,0.020914,0.020914
39.248357,0.004943,0.004943
39.268362,0.021597,0.021597
39.288368,0.016590,0.016590
39.308374,0.016420,0.016420
39.328380,0.021434,0.021434
39.348385,0.018092,0.018092
39.368391,0.014867,0.014867
39.388397,0.010947,0.010947
39.408402,0.022396,0.022396
39.428408,0.018536,0.018536
39.448414,0.013731,0.013731
39.468420,0.012323,0.012323
39.488425,0.012043,0.012043
39.508431,0.011724,0.011724
39.528437,0.005092,0.005092
39.548442,0.022384,0.022384
39.568448,0.017045,0.017045
39.588454,0.008300,0.008300
39.608460,0.022168,0.022168
39.628465,0.018449,0.018449
39.648471,0.020412,0.020412
39.668477,0.021730,0.021730
39.688482,0.021308,0.021308
39.708488,0.019215,0.019215
39.728494,0.018110,0.018110
39.748500,0.017276,0.017276
39.768505,0.013600,0.013600
39.788511,0.016552,0.016552
39.808517,0.006790,0.006790
39.828522,0.021184,0.021184
39.848528,0.019103,0.019103
39.868534,0.013967,0.013967
39.888540,0.004708,0.004708
39.908545,0.016992,0.016992
39.928551,0.013175,0.013175
39.948557,0.017987,0.017987
39.968562,0.013713,0.013713
39.988568,0.005056,0.005056
40.008574,0.009458,0.009458
40.028580,0.008189,0.008189
40.048585,0.005769,0.005769
40.068591,0.016001,0.016001
40.088597,0.009474,0.009474
40.108602,0.014075,0.014075
40.128608,0.014101,0.014101
40.148614,0.019808,0.019808
40.168620,0.014337,0.014337
40.188625,0.016573,0.016573
40.208631,0.010809,0.010809
40.228637,0.021765,0.021765
40.248642,0.021347,0.021347
40.268648,0.011241,0.011241
40.288654,0.015181,0.015181
40.308660,0.021376,0.021376
40.328665,0.017955,0.017955
40.348671,0.004646,0.004646
40.368677,0.006236,0.006236
40.388682,0.017582,0.017582
40.408688,0.005056,0.005056
40.428694,0.017530,0.017530
40.448700,0.012338,0.012338
40.468705,0.013368,0.013368
40.488711,0.019234,0.019234
40.508717,0.009227,0.009227
40.528722,0.024014,0.024014
40.548728,0.018009,0.018009
40.568734,0.016808,0.016808
40.588740,0.022691,0.022691
40.608745,0.013941,0.013941
40.628751,0.010214,0.010214
40.648757,0.015063,0.015063
40.668763,0.015284,0.015284
40.688768,0.020475,0.020475
40.708774,0.019990,0.019990
40.728780,0.022842,0.022842
40.748785,0.008385,0.008385
40.768791,0.020020,0.020020
40.788797,0.023389,0.023389
40.808803,0.026438,0.026438
40.828808,0.009866,0.009866
40.848814,0.010294,0.010294
40.868820,0.023134,0.023134
40.888825,0.015393,0.015393
40.908831,0.017120,0.017120
40.928837,0.017940,0.017940
40.948843,0.020413,0.020413
40.968848,0.017714,0.017714
40.988854,0.022826,0.022826
41.008860,0.026790,0.026790
41.028865,0.033518,0.033518
41.048871,0.033557,0.033557
41.068877,0.027867,0.027867
41.088883,0.036604,0.036604
41.108888,0.032796,0.032796
41.128894,0.034893,0.034893
41.148900,0.050224,0.050224
41.168905,0.054732,0.054732
41.188911,0.061948,0.061948
41.208917,0.071257,0.071257
41.228923,0.070672,0.070672
41.248928,0.080334,0.080334
41.268934,0.079138,0.079138
41.288940,0.095399,0.095399
41.308945,0.108588,0.108588
41.328951,0.115435,0.115435
41.348957,0.111056,0.111056
41.368963,0.130089,0.130089
41.388968,0.145912,0.145912
41.408974,0.148637,0.148637
41.428980,0.175041,0.175041
41.448985,0.188583,0.188583
41.468991,0.188238,0.188238
41.488997,0.211042,0.211042
41.509003,0.229290,0.229290
41.529008,0.226922,0.226922
41.549014,0.238428,0.238428
41.569020,0.253760,0.253760
41.589025,0.260744,0.260744
41.609031,0.273682,0.273682
41.629037,0.277775,0.277775
41.649043,0.279227,0.279227
41.669048,0.265533,0.265533
41.689054,0.260283,0.260283
41.709060,0.250594,0.250594
41.729065,0.237647,0.237647
41.749071,0.226809,0.226809
41.769077,0.217363,0.217363
41.789083,0.195504,0.195504
41.809088,0.181803,0.181803
41.829094,0.174077,0.174077
41.849100,0.159723,0.159723
41.869105,0.129654,0.129654
41.889111,0.117367,0.117367
41.909117,0.113186,0.113186
41.929123,0.087861,0.087861
41.949128,0.084126,0.084126
41.969134,0.074882,0.074882
41.989140,0.070847,0.070847
42.009145,0.059072,0.059072
42.029151,0.050548,0.050548
42.049157,0.053640,0.053640
42.069163,0.056500,0.056500
42.089168,0.051012,0.051012
42.109174,0.040015,0.040015
42.129180,0.055363,0.055363
42.149185,0.050355,0.050355
42.169191,0.040854,0.040854
42.189197,0.047012,0.047012
42.209203,0.057053,0.057053
42.229208,0.055481,0.055481
42.249214,0.049023,0.049023
42.269220,0.045570,0.045570
42.289225,0.038460,0.038460
42.309231,0.037548,0.037548
42.329237,0.047344,0.047344
42.349243,0.044279,0.044279
42.369248,0.034928,0.034928
42.389254,0.046537,0.046537
42.409260,0.043808,0.043808
42.429266,0.033544,0.033544
42.449271,0.029907,0.029907
42.469277,0.042827,0.042827
42.489283,0.035916,0.035916
42.509288,0.033620,0.033620
42.529294,0.035790,0.035790
42.549300,0.040289,0.040289
42.569306,0.038649,0.038649
42.589311,0.034277,0.034277
42.609317,0.027030,0.027030
42.629323,0.037515,0.037515
42.649328,0.036090,0.036090
42.669334,0.020290,0.020290
42.689340,0.029319,0.029319
42.709346,0.027574,0.027574
42.729351,0.029558,0.029558
42.749357,0.030747,0.030747
42.769363,0.036124,0.036124
42.789368,0.023497,0.023497
42.809374,0.030762,0.030762
42.829380,0.031266,0.031266
42.849386,0.030427,0.030427
42.869391,0.025906,0.025906
42.889397,0.027022,0.027022
42.909403,0.042711,0.042711
42.929408,0.026116,0.026116
42.949414,0.026345,0.026345
42.969420,0.032006,0.032006
42.989426,0.040915,0.040915
43.009431,0.032389,0.032389
43.029437,0.035479,0.035479
43.049443,0.034882,0.034882
43.069448,0.024176,0.024176
43.089454,0.030212,0.030212
43.109460,0.033278,0.033278
43.129466,0.033482,0.033482
43.149471,0.028489,0.028489
43.169477,0.028004,0.028004
43.189483,0.012112,0.012112
43.209488,0.015338,0.015338
43.229494,0.011490,0.011490
43.249500,0.026968,0.026968
43.269506,0.021559,0.021559
43.289511,0.023047,0.023047
43.309517,0.022171,0.022171
43.329523,0.022601,0.022601
43.349528,0.013836,0.013836
43.369534,0.014465,0.014465
43.389540,0.022823,0.022823
43.409546,0.015426,0.015426
43.429551,0.007296,0.007296
43.449557,0.005233,0.005233
43.469563,0.017656,0.017656
43.489568,0.024265,0.024265
43.509574,0.011010,0.011010
43.529580,0.017640,0.017640
43.549586,0.011342,0.011342
43.569591,0.024114,0.024114
43.589597,0.015999,0.015999
43.609603,0.006045,0.006045
43.629608,0.005816,0.005816
43.649614,0.016239,0.016239
43.669620,0.015816,0.015816
43.689626,0.024266,0.024266
43.709631,0.009693,0.009693
43.729637,0.018911,0.018911
43.749643,0.018262,0.018262
43.769648,0.008015,0.008015
43.789654,0.024290,0.024290
43.809660,0.021325,0.021325
43.829666,0.024914,0.024914
43.849671,0.011754,0.011754
43.869677,0.010659,0.010659
43.889683,0.022071,0.022071
43.909688,0.019481,0.019481
43.929694,0.019789,0.019789
43.949700,0.019683,0.019683
43.969706,0.009996,0.009996
43.989711,0.029094,0.029094
44.009717,0.019926,0.019926
44.029723,0.026612,0.026612
44.049728,0.014582,0.014582
44.069734,0.027691,0.027691
44.089740,0.018031,0.018031
44.109746,0.020260,0.020260
44.129751,0.030540,0.030540
44.149757,0.028581,0.028581
44.169763,0.027067,0.027067
44.189769,0.036883,0.036883
44.209774,0.046351,0.046351
44.229780,0.034063,0.034063
44.249786,0.046465,0.046465
44.269791,0.045465,0.045465
44.289797,0.042903,0.042903
44.309803,0.046659,0.046659
44.329809,0.055627,0.055627
44.349814,0.070700,0.070700
44.369820,0.063210,0.063210
44.389826,0.066071,0.066071
44.409831,0.078085,0.078085
44.429837,0.082412,0.082412
44.449843,0.084113,0.084113
44.469849,0.081204,0.081204
44.489854,0.090776,0.090776
44.509860,0.094439,0.094439
44.529866,0.099798,0.099798
44.549871,0.094997,0.094997
44.569877,0.106757,0.106757
44.589883,0.104524,0.104524
44.609889,0.094590,0.094590
44.629894,0.091286,0.091286
44.649900,0.090882,0.090882
44.669906,0.099098,0.099098
44.689911,0.091576,0.091576
44.709917,0.102397,0.102397
44.729923,0.093858,0.093858
44.749929,0.094670,0.094670
44.769934,0.088272,0.088272
44.789940,0.086548,0.086548
44.809946,0.079773,0.079773
44.829951,0.077235,0.077235
44.849957,0.076642,0.076642
44.869963,0.077520,0.077520
44.889969,0.075422,0.075422
44.909974,0.067960,0.067960
44.929980,0.066784,0.066784
44.949986,0.069732,0.069732
44.969991,0.067182,0.067182
44.989997,0.071204,0.071204
45.010003,0.059384,0.059384
45.030009,0.063001,0.063001
45.050014,0.064164,0.064164
45.070020,0.074152,0.074152
45.090026,0.072763,0.072763
45.110031,0.073746,0.073746
45.130037,0.070138,0.070138
45.150043,0.078158,0.078158
45.170049,0.078647,0.078647
45.190054,0.070761,0.070761
45.210060,0.071077,0.071077
45.230066,0.073647,0.073647
45.250071,0.080391,0.080391
45.270077,0.081988,0.081988
45.290083,0.089937,0.089937
45.310089,0.093685,0.093685
45.330094,0.082961,0.082961
45.350100,0.084252,0.084252
45.370106,0.093052,0.093052
45.390111,0.090651,0.090651
45.410117,0.087912,0.087912
45.430123,0.095018,0.095018
45.450129,0.080606,0.080606
45.470134,0.092478,0.092478
45.490140,0.090403,0.090403
45.510146,0.089158,0.089158
45.530151,0.093767,0.093767
45.550157,0.076620,0.076620
45.570163,0.087361,0.087361
45.590169,0.082224,0.082224
45.610174,0.079959,0.079959
45.630180,0.083630,0.083630
45.650186,0.076287,0.076287
45.670191,0.090171,0.090171
45.690197,0.076900,0.076900
45.710203,0.087158,0.087158
45.730209,0.078473,0.078473
45.750214,0.074169,0.074169
45.770220,0.072257,0.072257
45.790226,0.065124,0.065124
45.810231,0.079023,0.079023
45.830237,0.071957,0.071957
45.850243,0.074481,0.074481
45.870249,0.074360,0.074360
45.890254,0.070995,0.070995
45.910260,0.058877,0.058877
45.930266,0.067857,0.067857
45.950272,0.053174,0.053174
45.970277,0.057827,0.057827
45.990283,0.071402,0.071402
46.010289,0.055111,0.055111
46.030294,0.059436,0.059436
46.050300,0.067448,0.067448
46.070306,0.068053,0.068053
46.090312,0.068039,0.068039
46.110317,0.077840,0.077840
46.130323,0.079575,0.079575
46.150329,0.076278,0.076278
46.170334,0.080954,0.080954
46.190340,0.073529,0.073529
46.210346,0.077623,0.077623
46.230352,0.072874,0.072874
46.250357,0.090436,0.090436
46.270363,0.074740,0.074740
46.290369,0.083642,0.083642
46.310374,0.078386,0.078386
46.330380,0.078891,0.078891
46.350386,0.064383,0.064383
46.370392,0.062171,0.062171
46.390397,0.066681,0.066681
46.410403,0.064440,0.064440
46.430409,0.042902,0.042902
46.450414,0.053076,0.053076
46.470420,0.035199,0.035199
46.490426,0.039420,0.039420
46.510432,0.025556,0.025556
46.530437,0.025438,0.025438
46.550443,0.030109,0.030109
46.570449,0.023338,0.023338
46.590454,0.024314,0.024314
46.610460,0.019734,0.019734
46.630466,0.024234,0.024234
46.650472,0.028122,0.028122
46.670477,0.027439,0.027439
46.690483,0.009182,0.009182
46.710489,0.019068,0.019068
46.730494,0.015040,0.015040
46.750500,0.020826,0.020826
46.770506,0.016855,0.016855
46.790512,0.023312,0.023312
46.810517,0.016386,0.016386
46.830523,0.022745,0.022745
46.850529,0.017754,0.017754
46.870534,0.006979,0.006979
46.890540,0.004864,0.004864
46.910546,0.013588,0.013588
46.930552,0.004182,0.004182
46.950557,0.009360,0.009360
46.970563,0.007966,0.007966
46.990569,0.006391,0.006391
47.010574,0.010315,0.010315
47.030580,0.014778,0.014778
47.050586,0.007058,0.007058
47.070592,0.003632,0.003632
47.090597,0.004107,0.004107
47.110603,0.010190,0.010190
47.130609,0.016537,0.016537
47.150614,0.019887,0.019887
47.170620,0.003666,0.003666
47.190626,0.008170,0.008170
47.210632,0.017510,0.017510
47.230637,0.018857,0.018857
47.250643,0.005707,0.005707
47.270649,0.009998,0.009998
47.290654,0.011818,0.011818
47.310660,0.004637,0.004637
47.330666,0.005262,0.005262
47.350672,0.003164,0.003164
47.370677,0.014743,0.014743
47.390683,0.002521,0.002521
47.410689,0.010699,0.010699
47.430694,0.015715,0.015715
47.450700,0.001873,0.001873
47.470706,0.014852,0.014852
47.490712,0.013166,0.013166
47.510717,0.018813,0.018813
47.530723,0.018173,0.018173
47.550729,0.001718,0.001718
47.570734,0.017112,0.017112
47.590740,0.014015,0.014015
47.610746,0.003528,0.003528
47.630752,0.007356,0.007356
47.650757,0.002978,0.002978
47.670763,0.020647,0.020647
47.690769,0.010808,0.010808
47.710775,0.012893,0.012893
47.730780,0.020916,0.020916
47.750786,0.019396,0.019396
47.770792,0.021252,0.021252
47.790797,0.006902,0.006902
47.810803,0.016220,0.016220
47.830809,0.005166,0.005166
47.850815,0.006276,0.006276
47.870820,0.014552,0.014552
47.890826,0.017925,0.017925
47.910832,0.011533,0.011533
47.930837,0.005688,0.005688
47.950843,0.014108,0.014108
47.970849,0.016510,0.016510
47.990855,0.006107,0.006107
48.010860,0.024221,0.024221
48.030866,0.023463,0.023463
48.050872,0.009000,0.009000
48.070877,0.018338,0.018338
48.090883,0.019031,0.019031
48.110889,0.015586,0.015586
48.130895,0.018126,0.018126
48.150900,0.012260,0.012260
48.170906,0.019644,0.019644
48.190912,0.025547,0.025547
48.210917,0.019343,0.019343
48.230923,0.016684,0.016684
48.250929,0.019345,0.019345
48.270935,0.035213,0.035213
48.290940,0.037053,0.037053
48.310946,0.028810,0.028810
48.330952,0.027529,0.027529
48.350957,0.033814,0.033814
48.370963,0.028885,0.028885
48.390969,0.030445,0.030445
48.410975,0.044757,0.044757
48.430980,0.035173,0.035173
48.450986,0.040784,0.040784
48.470992,0.035962,0.035962
48.490997,0.039094,0.039094
48.511003,0.039583,0.039583
48.531009,0.032873,0.032873
48.551015,0.022321,0.022321
48.571020,0.037631,0.037631
48.591026,0.035489,0.035489
48.611032,0.027118,0.027118
48.631037,0.031424,0.031424
48.651043,0.026013,0.026013
48.671049,0.022095,0.022095
48.691055,0.029356,0.029356
48.711060,0.024446,0.024446
48.731066,0.016194,0.016194
48.751072,0.009508,0.009508
48.771077,0.011642,0.011642
48.791083,0.014365,0.014365
48.811089,0.020380,0.020380
48.831095,0.013569,0.013569
48.851100,0.018953,0.018953
48.871106,0.015809,0.015809
48.891112,0.022177,0.022177
48.911117,0.025801,0.025801
48.931123,0.026831,0.026831
48.951129,0.016013,0.016013
48.971135,0.014647,0.014647
48.991140,0.018375,0.018375
49.011146,0.018602,0.018602
49.031152,0.025143,0.025143
49.051157,0.038089,0.038089
49.071163,0.038182,0.038182
49.091169,0.040744,0.040744
49.111175,0.039965,0.039965
49.131180,0.050337,0.050337
49.151186,0.039924,0.039924
49.171192,0.051805,0.051805
49.191197,0.056867,0.056867
49.211203,0.047993,0.047993
49.231209,0.058083,0.058083
49.251215,0.056624,0.056624
49.271220,0.066271,0.066271
49.291226,0.054321,0.054321
49.311232,0.073103,0.073103
49.331237,0.071437,0.071437
49.351243,0.068978,0.068978
49.371249,0.054930,0.054930
49.391255,0.069121,0.069121
49.411260,0.058816,0.058816
49.431266,0.063608,0.063608
49.451272,0.043494,0.043494
49.471278,0.051998,0.051998
49.491283,0.046186,0.046186
49.511289,0.040118,0.040118
49.531295,0.033438,0.033438
49.551300,0.037697,0.037697
49.571306,0.039870,0.039870
49.591312,0.029774,0.029774
49.611318,0.031211,0.031211
49.631323,0.031044,0.031044
49.651329,0.016782,0.016782
49.671335,0.016160,0.016160
49.691340,0.012018,0.012018
49.711346,0.015025,0.015025
49.731352,0.014129,0.014129
49.751358,0.007984,0.007984
49.771363,0.015817,0.015817
49.791369,0.020038,0.020038
49.811375,0.012397,0.012397
49.831380,0.016099,0.016099
49.851386,0.006514,0.006514
49.871392,0.007357,0.007357
49.891398,0.007353,0.007353
49.911403,0.006317,0.006317
49.931409,0.017537,0.017537
49.951415,0.007760,0.007760
49.971420,0.005314,0.005314
49.991426,0.021667,0.021667
50.011432,0.020740,0.020740
50.031438,0.003497,0.003497
50.051443,0.012012,0.012012
50.071449,0.018852,0.018852
50.091455,0.010439,0.010439
50.111460,0.005482,0.005482
50.131466,0.016149,0.016149
50.151472,0.004664,0.004664
50.171478,0.011604,0.011604
50.191483,0.015821,0.015821
50.211489,0.005805,0.005805
50.231495,0.010991,0.010991
50.251500,0.012474,0.012474
50.271506,0.004755,0.004755
50.291512,0.009250,0.009250
50.311518,0.003586,0.003586
50.331523,0.002601,0.002601
50.351529,0.008194,0.008194
50.371535,0.007392,0.007392
50.391540,0.002649,0.002649
50.411546,0.020710,0.020710
50.431552,0.017550,0.017550
50.451558,0.010177,0.010177
50.471563,0.010078,0.010078
50.491569,0.010323,0.010323
50.511575,0.020926,0.020926
50.531580,0.004966,0.004966
50.551586,0.017067,0.017067
50.571592,0.010666,0.010666
50.591598,0.013787,0.013787
50.611603,0.015094,0.015094
50.631609,0.018461,0.018461
50.651615,0.017144,0.017144
50.671620,0.005651,0.005651
50.691626,0.006432,0.006432
50.711632,0.007742,0.007742
50.731638,0.007771,0.007771
50.751643,0.004246,0.004246
50.771649,0.017750,0.017750
50.791655,0.002471,0.002471
50.811660,0.011726,0.011726
50.831666,0.003774,0.003774
50.851672,0.013871,0.013871
50.871678,0.017208,0.017208
50.891683,0.008080,0.008080
50.911689,0.011400,0.011400
50.931695,0.015321,0.015321
50.951700,0.005437,0.005437
50.971706,0.021671,0.021671
50.991712,0.008570,0.008570
51.011718,0.021621,0.021621
51.031723,0.011352,0.011352
51.051729,0.009944,0.009944
51.071735,0.013982,0.013982
51.091740,0.020244,0.020244
51.111746,0.008730,0.008730
51.131752,0.021190,0.021190
51.151758,0.006626,0.006626
51.171763,0.010157,0.010157
51.191769,0.008719,0.008719
51.211775,0.019672,0.019672
51.231781,0.015246,0.015246
51.251786,0.020141,0.020141
51.271792,0.023750,0.023750
51.291798,0.013752,0.013752
51.311803,0.016258,0.016258
51.331809,0.007412,0.007412
51.351815,0.021984,0.021984
51.371821,0.018456,0.018456
51.391826,0.022158,0.022158
51.411832,0.019342,0.019342
51.431838,0.024382,0.024382
51.451843,0.025718,0.025718
51.471849,0.013135,0.013135
51.491855,0.017852,0.017852
51.511861,0.021425,0.021425
51.531866,0.024990,0.024990
51.551872,0.030576,0.030576
51.571878,0.018601,0.018601
51.591883,0.016835,0.016835
51.611889,0.030345,0.030345
51.631895,0.027393,0.027393
51.651901,0.027070,0.027070
51.671906,0.032548,0.032548
51.691912,0.036187,0.036187
51.711918,0.038272,0.038272
51.731923,0.038945,0.038945
51.751929,0.047114,0.047114
51.771935,0.052998,0.052998
51.791941,0.068640,0.068640
51.811946,0.064906,0.064906
51.831952,0.066747,0.066747
51.851958,0.088875,0.088875
51.871963,0.089975,0.089975
51.891969,0.089076,0.089076
51.911975,0.098588,0.098588
51.931981,0.121129,0.121129
51.951986,0.128754,0.128754
51.971992,0.141857,0.141857
51.991998,0.141721,0.141721
52.012003,0.166187,0.166187
52.032009,0.175011,0.175011
52.052015,0.182888,0.182888
52.072021,0.203636,0.203636
52.092026,0.209129,0.209129
52.112032,0.224834,0.224834
52.132038,0.222273,0.222273
52.152043,0.251966,0.251966
52.172049,0.252990,0.252990
52.192055,0.270547,0.270547
52.212061,0.275540,0.275540
52.232066,0.296654,0.296654
52.252072,0.295155,0.295155
52.272078,0.309159,0.309159
52.292083,0.329415,0.329415
52.312089,0.336528,0.336528
52.332095,0.339716,0.339716
52.352101,0.343286,0.343286
52.372106,0.339947,0.339947
52.392112,0.353387,0.353387
52.412118,0.345620,0.345620
52.432123,0.336414,0.336414
52.452129,0.330245,0.330245
52.472135,0.310244,0.310244
52.492141,0.310445,0.310445
52.512146,0.289736,0.289736
52.532152,0.272003,0.272003
52.552158,0.260958,0.260958
52.572163,0.253003,0.253003
52.592169,0.243332,0.243332
52.612175,0.232746,0.232746
52.632181,0.209581,0.209581
52.652186,0.185499,0.185499
52.672192,0.180462,0.180462
52.692198,0.162060,0.162060
52.712203,0.160660,0.160660
52.732209,0.144232,0.144232
52.752215,0.124987,0.124987
52.772221,0.127360,0.127360
52.792226,0.107896,0.107896
52.812232,0.108546,0.108546
52.832238,0.091858,0.091858
52.852243,0.080388,0.080388
52.872249,0.072197,0.072197
52.892255,0.063965,0.063965
52.912261,0.067220,0.067220
52.932266,0.054823,0.054823
52.952272,0.040154,0.040154
52.972278,0.034437,0.034437
52.992284,0.033131,0.033131
53.012289,0.028703,0.028703
53.032295,0.028293,0.028293
53.052301,0.030870,0.030870
53.072306,0.020445,0.020445
53.092312,0.033556,0.033556
53.112318,0.034192,0.034192
53.132324,0.033336,0.033336
53.152329,0.031753,0.031753
53.172335,0.030135,0.030135
53.192341,0.024912,0.024912
53.212346,0.023037,0.023037
53.232352,0.021964,0.021964
53.252358,0.015253,0.015253
53.272364,0.019392,0.019392
53.292369,0.018198,0.018198
53.312375,0.009425,0.009425
53.332381,0.014119,0.014119
53.352386,0.021952,0.021952
53.372392,0.026661,0.026661
53.392398,0.010212,0.010212
53.412404,0.025628,0.025628
53.432409,0.016053,0.016053
53.452415,0.014324,0.014324
53.472421,0.015127,0.015127
53.492426,0.015764,0.015764
53.512432,0.009267,0.009267
53.532438,0.016943,0.016943
53.552444,0.022315,0.022315
53.572449,0.017794,0.017794
53.592455,0.017087,0.017087
53.612461,0.024025,0.024025
53.632466,0.024077,0.024077
53.652472,0.018849,0.018849
53.672478,0.026641,0.026641
53.692484,0.032982,0.032982
53.712489,0.026450,0.026450
53.732495,0.031034,0.031034
53.752501,0.043356,0.043356
53.772506,0.039090,0.039090
53.792512,0.039221,0.039221
53.812518,0.048859,0.048859
53.832524,0.040616,0.040616
53.852529,0.053054,0.053054
53.872535,0.048481,0.048481
53.892541,0.054091,0.054091
53.912546,0.049050,0.049050
53.932552,0.061950,0.061950
53.952558,0.047155,0.047155
53.972564,0.056895,0.056895
53.992569,0.057322,0.057322
54.012575,0.062117,0.062117
54.032581,0.048543,0.048543
54.052586,0.064385,0.064385
54.072592,0.064987,0.064987
54.092598,0.045783,0.045783
54.112604,0.061760,0.061760
54.132609,0.048001,0.048001
54.152615,0.044427,0.044427
54.172621,0.059595,0.059595
54.192626,0.045048,0.045048
54.212632,0.060597,0.060597
54.232638,0.045280,0.045280
54.252644,0.047214,0.047214
54.272649,0.053993,0.053993
54.292655,0.048986,0.048986
54.312661,0.049363,0.049363
54.332666,0.056473,0.056473
54.352672,0.043920,0.043920
54.372678,0.035337,0.035337
54.392684,0.036633,0.036633
54.412689,0.038701,0.038701
54.432695,0.045228,0.045228
54.452701,0.043169,0.043169
54.472706,0.028435,0.028435
54.492712,0.032678,0.032678
54.512718,0.025910,0.025910
54.532724,0.033953,0.033953
54.552729,0.017398,0.017398
54.572735,0.013001,0.013001
54.592741,0.010604,0.010604
54.612746,0.023522,0.023522
54.632752,0.010372,0.010372
54.652758,0.010652,0.010652
54.672764,0.006081,0.006081
54.692769,0.017848,0.017848
54.712775,0.013215,0.013215
54.732781,0.016930,0.016930
54.752787,0.011419,0.011419
54.772792,0.009996,0.009996
54.792798,0.017132,0.017132
54.812804,0.015638,0.015638
54.832809,0.008703,0.008703
54.852815,0.018687,0.018687
54.872821,0.019818,0.019818
54.892827,0.005095,0.005095
54.912832,0.020545,0.020545
54.932838,0.002684,0.002684
54.952844,0.018428,0.018428
54.972849,0.013539,0.013539
54.992855,0.009163,0.009163
55.012861,0.019427,0.019427
55.032867,0.018639,0.018639
55.052872,0.013059,0.013059
55.072878,0.001861,0.001861
55.092884,0.009144,0.009144
55.112889,0.019833,0.019833
55.132895,0.010292,0.010292
55.152901,0.009186,0.009186
55.172907,0.007804,0.007804
55.192912,0.016785,0.016785
55.212918,0.012065,0.012065
55.232924,0.011856,0.011856
55.252929,0.002485,0.002485
55.272935,0.011113,0.011113
55.292941,0.004315,0.004315
55.312947,0.017229,0.017229
55.332952,0.019704,0.019704
55.352958,0.011997,0.011997
55.372964,0.016502,0.016502
55.392969,0.018931,0.018931
55.412975,0.014109,0.014109
55.432981,0.007862,0.007862
55.452987,0.017955,0.017955
55.472992,0.018842,0.018842
55.492998,0.006971,0.006971
55.513004,0.004085,0.004085
55.533009,0.004478,0.004478
55.553015,0.002376,0.002376
55.573021,0.016867,0.016867
55.593027,0.011985,0.011985
55.613032,0.009307,0.009307
55.633038,0.020744,0.020744
55.653044,0.012201,0.012201
55.673049,0.003151,0.003151
55.693055,0.017652,0.017652
55.713061,0.004867,0.004867
55.733067,0.013341,0.013341
55.753072,0.016211,0.016211
55.773078,0.005383,0.005383
55.793084,0.017971,0.017971
55.813089,0.011592,0.011592
55.833095,0.007723,0.007723
55.853101,0.011980,0.011980
55.873107,0.003767,0.003767
55.893112,0.016407,0.016407
55.913118,0.013892,0.013892
55.933124,0.020725,0.020725
55.953129,0.004583,0.004583
55.973135,0.020936,0.020936
55.993141,0.015629,0.015629
56.013147,0.010644,0.010644
56.033152,0.007366,0.007366
56.053158,0.012973,0.012973
56.073164,0.021450,0.021450
56.093169,0.020496,0.020496
56.113175,0.008313,0.008313
56.133181,0.010679,0.010679
56.153187,0.006953,0.006953
56.173192,0.017552,0.017552
56.193198,0.014254,0.014254
56.213204,0.009764,0.009764
56.233209,0.024781,0.024781
56.253215,0.014214,0.014214
56.273221,0.023695,0.023695
56.293227,0.020978,0.020978
56.313232,0.014623,0.014623
56.333238,0.010525,0.010525
56.353244,0.026246,0.026246
56.373249,0.024751,0.024751
56.393255,0.018816,0.018816
56.413261,0.026644,0.026644
56.433267,0.021582,0.021582
56.453272,0.026672,0.026672
56.473278,0.018786,0.018786
56.493284,0.023364,0.023364
56.513290,0.028593,0.028593
56.533295,0.033794,0.033794
56.553301,0.044622,0.044622
56.573307,0.039862,0.039862
56.593312,0.054901,0.054901
56.613318,0.047447,0.047447
56.633324,0.065708,0.065708
56.653330,0.058299,0.058299
56.673335,0.066113,0.066113
56.693341,0.079940,0.079940
56.713347,0.090066,0.090066
56.733352,0.107431,0.107431
56.753358,0.121351,0.121351
56.773364,0.133564,0.133564
56.793370,0.146743,0.146743
56.813375,0.155466,0.155466
56.833381,0.165661,0.165661
56.853387,0.170683,0.170683
56.873392,0.186837,0.186837
56.893398,0.204810,0.204810
56.913404,0.205639,0.205639
56.933410,0.230814,0.230814
56.953415,0.236993,0.236993
56.973421,0.241573,0.241573
56.993427,0.243195,0.243195
57.013432,0.246244,0.246244
57.033438,0.244391,0.244391
57.053444,0.238589,0.238589
57.073450,0.232123,0.232123
57.093455,0.221547,0.221547
57.113461,0.210403,0.210403
57.133467,0.208244,0.208244
57.153472,0.204354,0.204354
57.173478,0.197341,0.197341
57.193484,0.181497,0.181497
57.213490,0.180947,0.180947
57.233495,0.166783,0.166783
57.253501,0.162980,0.162980
57.273507,0.155151,0.155151
57.293512,0.136964,0.136964
57.313518,0.133097,0.133097
57.333524,0.123382,0.123382
57.353530,0.115640,0.115640
57.373535,0.095836,0.095836
57.393541,0.087914,0.087914
57.413547,0.079025,0.079025
57.433552,0.072986,0.072986
57.453558,0.063167,0.063167
57.473564,0.058383,0.058383
57.493570,0.057243,0.057243
57.513575,0.059524,0.059524
57.533581,0.054561,0.054561
57.553587,0.062530,0.062530
57.573592,0.056986,0.056986
57.593598,0.056889,0.056889
57.613604,0.057277,0.057277
57.633610,0.056684,0.056684
57.653615,0.064571,0.064571
57.673621,0.073636,0.073636
57.693627,0.068571,0.068571
57.713632,0.072466,0.072466
57.733638,0.076450,0.076450
57.753644,0.070591,0.070591
57.773650,0.070932,0.070932
57.793655,0.089133,0.089133
57.813661,0.086987,0.086987
57.833667,0.080480,0.080480
57.853672,0.084556,0.084556
57.873678,0.084645,0.084645
57.893684,0.076314,0.076314
57.913690,0.077589,0.077589
57.933695,0.077108,0.077108
57.953701,0.061757,0.061757
57.973707,0.059403,0.059403
57.993712,0.066528,0.066528
58.013718,0.056756,0.056756
58.033724,0.057543,0.057543
58.053730,0.047115,0.047115
58.073735,0.040381,0.040381
58.093741,0.034140,0.034140
58.113747,0.043504,0.043504
58.133753,0.037808,0.037808
58.153758,0.034977,0.034977
58.173764,0.023194,0.023194
58.193770,0.018244,0.018244
58.213775,0.018789,0.018789
58.233781,0.030934,0.030934
58.253787,0.016010,0.016010
58.273793,0.022356,0.022356
58.293798,0.023175,0.023175
58.313804,0.034133,0.034133
58.333810,0.023105,0.023105
58.353815,0.021345,0.021345
58.373821,0.019443,0.019443
58.393827,0.035492,0.035492
58.413833,0.030846,0.030846
58.433838,0.039471,0.039471
58.453844,0.045090,0.045090
58.473850,0.048451,0.048451
58.493855,0.042122,0.042122
58.513861,0.051259,0.051259
58.533867,0.050081,0.050081
58.553873,0.036620,0.036620
58.573878,0.048744,0.048744
58.593884,0.042457,0.042457
58.613890,0.038152,0.038152
58.633895,0.047745,0.047745
58.653901,0.041609,0.041609
58.673907,0.048547,0.048547
58.693913,0.042804,0.042804
58.713918,0.034282,0.034282
58.733924,0.044183,0.044183
58.753930,0.036662,0.036662
58.773935,0.030958,0.030958
58.793941,0.028227,0.028227
58.813947,0.029432,0.029432
58.833953,0.031579,0.031579
58.853958,0.020728,0.020728
58.873964,0.022540,0.022540
58.893970,0.015808,0.015808
58.913975,0.017336,0.017336
58.933981,0.025431,0.025431
58.953987,0.024072,0.024072
58.973993,0.011224,0.011224
58.993998,0.012127,0.012127
59.014004,0.013707,0.013707
59.034010,0.010505,0.010505
59.054015,0.009470,0.009470
59.074021,0.015067,0.015067
59.094027,0.017876,0.017876
59.114033,0.009420,0.009420
59.134038,0.005218,0.005218
59.154044,0.014867,0.014867
59.174050,0.019854,0.019854
59.194055,0.017882,0.017882
59.214061,0.008858,0.008858
59.234067,0.009380,0.009380
59.254073,0.007196,0.007196
59.274078,0.017090,0.017090
59.294084,0.003547,0.003547
59.314090,0.004720,0.004720
59.334095,0.006323,0.006323
59.354101,0.001766,0.001766
59.374107,0.003069,0.003069
59.394113,0.006856,0.006856
59.414118,0.009368,0.009368
59.434124,0.009119,0.009119
59.454130,0.019077,0.019077
59.474135,0.001514,0.001514
59.494141,0.010927,0.010927
59.514147,0.010382,0.010382
59.534153,0.018317,0.018317
59.554158,0.002542,0.002542
59.574164,0.017252,0.017252
59.594170,0.014908,0.014908
59.614175,0.005748,0.005748
59.634181,0.002810,0.002810
59.654187,0.004904,0.004904
59.674193,0.007244,0.007244
59.694198,0.001543,0.001543
59.714204,0.007341,0.007341
59.734210,0.012630,0.012630
59.754215,0.010566,0.010566
59.774221,0.008593,0.008593
59.794227,0.002830,0.002830
59.814233,0.007241,0.007241
59.834238,0.017792,0.017792
59.854244,0.015242,0.015242
59.874250,0.009095,0.009095
59.894256,0.014851,0.014851
59.914261,0.017145,0.017145
59.934267,0.004751,0.004751
59.954273,0.018484,0.018484
59.974278,0.015688,0.015688
59.994284,0.015492,0.015492
60.014290,0.001218,0.001218
60.034296,0.017997,0.017997
60.054301,0.011453,0.011453
60.074307,0.004113,0.004113
60.094313,0.017426,0.017426
60.114318,0.004477,0.004477
60.134324,0.009535,0.009535
60.154330,0.007960,0.007960
60.174336,0.006487,0.006487
60.194341,0.013431,0.013431
60.214347,0.004865,0.004865
60.234353,0.017393,0.017393
60.254358,0.003897,0.003897
60.274364,0.018278,0.018278
60.294370,0.018064,0.018064
60.314376,0.010206,0.010206
60.334381,0.004357,0.004357
60.354387,0.005974,0.005974
60.374393,0.009488,0.009488
60.394398,0.009898,0.009898
60.414404,0.003073,0.003073
60.434410,0.012986,0.012986
60.454416,0.018104,0.018104
60.474421,0.006045,0.006045
60.494427,0.021796,0.021796
60.514433,0.013937,0.013937
60.534438,0.006057,0.006057
60.554444,0.006486,0.006486
60.574450,0.003511,0.003511
60.594456,0.021040,0.021040
60.614461,0.018029,0.018029
60.634467,0.016075,0.016075
60.654473,0.004379,0.004379
60.674478,0.004292,0.004292
60.694484,0.010641,0.010641
60.714490,0.012603,0.012603
60.734496,0.018112,0.018112
60.754501,0.016195,0.016195
60.774507,0.011642,0.011642
60.794513,0.010082,0.010082
60.814518,0.004156,0.004156
60.834524,0.013810,0.013810
60.854530,0.007995,0.007995
60.874536,0.008206,0.008206
60.894541,0.002179,0.002179
60.914547,0.005623,0.005623
60.934553,0.008047,0.008047
60.954558,0.004430,0.004430
60.974564,0.012302,0.012302
60.994570,0.015563,0.015563
61.014576,0.016511,0.016511
61.034581,0.006266,0.006266
61.054587,0.011786,0.011786
61.074593,0.010716,0.010716
61.094598,0.017951,0.017951
61.114604,0.019022,0.019022
61.134610,0.007695,0.007695
61.154616,0.017242,0.017242
61.174621,0.021613,0.021613
61.194627,0.008415,0.008415
61.214633,0.019462,0.019462
61.234638,0.009905,0.009905
61.254644,0.021719,0.021719
61.274650,0.014152,0.014152
61.294656,0.011926,0.011926
61.314661,0.018076,0.018076
61.334667,0.017387,0.017387
61.354673,0.030967,0.030967
61.374678,0.019692,0.019692
61.394684,0.038485,0.038485
61.414690,0.041440,0.041440
61.434696,0.029716,0.029716
61.454701,0.035221,0.035221
61.474707,0.043534,0.043534
61.494713,0.037887,0.037887
61.514718,0.059886,0.059886
61.534724,0.044374,0.044374
61.554730,0.062517,0.062517
61.574736,0.054276,0.054276
61.594741,0.064360,0.064360
61.614747,0.052651,0.052651
61.634753,0.052322,0.052322
61.654759,0.065354,0.065354
61.674764,0.054524,0.054524
61.694770,0.066326,0.066326
61.714776,0.060740,0.060740
61.734781,0.060668,0.060668
61.754787,0.051797,0.051797
61.774793,0.050835,0.050835
61.794799,0.038389,0.038389
61.814804,0.028675,0.028675
61.834810,0.031140,0.031140
61.854816,0.026493,0.026493
61.874821,0.020856,0.020856
61.894827,0.020848,0.020848
61.914833,0.030696,0.030696
61.934839,0.020463,0.020463
61.954844,0.030043,0.030043
61.974850,0.012867,0.012867
61.994856,0.025944,0.025944
62.014861,0.015946,0.015946
62.034867,0.015548,0.015548
62.054873,0.009256,0.009256
62.074879,0.024226,0.024226
62.094884,0.021406,0.021406
62.114890,0.022158,0.022158
62.134896,0.021388,0.021388
62.154901,0.013957,0.013957
62.174907,0.015660,0.015660
62.194913,0.013075,0.013075
62.214919,0.015656,0.015656
62.234924,0.019837,0.019837
62.254930,0.018161,0.018161
62.274936,0.014905,0.014905
62.294941,0.023261,0.023261
62.314947,0.012064,0.012064
62.334953,0.020124,0.020124
62.354959,0.028272,0.028272
62.374964,0.028745,0.028745
62.394970,0.017334,0.017334
62.414976,0.018284,0.018284
62.434981,0.028693,0.028693
62.454987,0.030557,0.030557
62.474993,0.030879,0.030879
62.494999,0.036772,0.036772
62.515004,0.025335,0.025335
62.535010,0.031477,0.031477
62.555016,0.036358,0.036358
62.575021,0.037586,0.037586
62.595027,0.046485,0.046485
62.615033,0.048263,0.048263
62.635039,0.041832,0.041832
62.655044,0.054083,0.054083
62.675050,0.051351,0.051351
62.695056,0.048603,0.048603
62.715061,0.053970,0.053970
62.735067,0.047061,0.047061
62.755073,0.057445,0.057445
62.775079,0.064490,0.064490
62.795084,0.071085,0.071085
62.815090,0.075316,0.075316
62.835096,0.063712,0.063712
62.855101,0.062422,0.062422
62.875107,0.073286,0.073286
62.895113,0.073809,0.073809
62.915119,0.083040,0.083040
62.935124,0.072838,0.072838
62.955130,0.091199,0.091199
62.975136,0.094807,0.094807
62.995141,0.092662,0.092662
63.015147,0.098654,0.098654
63.035153,0.100185,0.100185
63.055159,0.091752,0.091752
63.075164,0.094352,0.094352
63.095170,0.093260,0.093260
63.115176,0.098899,0.098899
63.135181,0.103302,0.103302
63.155187,0.105487,0.105487
63.175193,0.112165,0.112165
63.195199,0.109989,0.109989
63.215204,0.104224,0.104224
63.235210,0.111657,0.111657
63.255216,0.108467,0.108467
63.275221,0.111229,0.111229
63.295227,0.108755,0.108755
63.315233,0.114007,0.114007
63.335239,0.099439,0.099439
63.355244,0.100055,0.100055
63.375250,0.111432,0.111432
63.395256,0.095441,0.095441
63.415262,0.099810,0.099810
63.435267,0.087005,0.087005
63.455273,0.097850,0.097850
63.475279,0.084447,0.084447
63.495284,0.085243,0.085243
63.515290,0.085375,0.085375
63.535296,0.068814,0.068814
63.555302,0.082656,0.082656
63.575307,0.079659,0.079659
63.595313,0.077440,0.077440
63.615319,0.077201,0.077201
63.635324,0.080958,0.080958
63.655330,0.064421,0.064421
63.675336,0.072402,0.072402
63.695342,0.061575,0.061575
63.715347,0.061959,0.061959
63.735353,0.054591,0.054591
63.755359,0.063129,0.063129
63.775364,0.045569,0.045569
63.795370,0.055978,0.055978
63.815376,0.046994,0.046994
63.835382,0.040504,0.040504
63.855387,0.029500,0.029500
63.875393,0.034908,0.034908
63.895399,0.040028,0.040028
63.915404,0.034364,0.034364
63.935410,0.034886,0.034886
63.955416,0.019516,0.019516
63.975422,0.028579,0.028579
63.995427,0.026081,0.026081
64.015433,0.026001,0.026001
64.035439,0.023144,0.023144
64.055444,0.023331,0.023331
64.075450,0.023602,0.023602
64.095456,0.023441,0.023441
64.115462,0.016205,0.016205
64.135467,0.021555,0.021555
64.155473,0.021198,0.021198
64.175479,0.018560,0.018560
64.195484,0.015060,0.015060
64.215490,0.021403,0.021403
64.235496,0.019713,0.019713
64.255502,0.012140,0.012140
64.275507,0.016162,0.016162
64.295513,0.005772,0.005772
64.315519,0.004697,0.004697
64.335524,0.009501,0.009501
64.355530,0.006377,0.006377
64.375536,0.012482,0.012482
64.395542,0.013355,0.013355
64.415547,0.015876,0.015876
64.435553,0.017774,0.017774
64.455559,0.021130,0.021130
64.475564,0.014113,0.014113
64.495570,0.019346,0.019346
64.515576,0.019175,0.019175
64.535582,0.012137,0.012137
64.555587,0.007207,0.007207
64.575593,0.009984,0.009984
64.595599,0.003952,0.003952
64.615604,0.019085,0.019085
64.635610,0.013403,0.013403
64.655616,0.005516,0.005516
64.675622,0.004745,0.004745
64.695627,0.003909,0.003909
64.715633,0.019761,0.019761
64.735639,0.001605,0.001605
64.755644,0.018552,0.018552
64.775650,0.016833,0.016833
64.795656,0.009132,0.009132
64.815662,0.004053,0.004053
64.835667,0.011834,0.011834
64.855673,0.001273,0.001273
64.875679,0.003842,0.003842
64.895684,0.012215,0.012215
64.915690,0.018663,0.018663
64.935696,0.005978,0.005978
64.955702,0.013217,0.013217
64.975707,0.008040,0.008040
64.995713,0.020743,0.020743
65.015719,0.015682,0.015682
65.035724,0.008690,0.008690
65.055730,0.012968,0.012968
65.075736,0.012871,0.012871
65.095742,0.021389,0.021389
65.115747,0.007083,0.007083
65.135753,0.015957,0.015957
65.155759,0.003603,0.003603
65.175765,0.004290,0.004290
65.195770,0.016388,0.016388
65.215776,0.005454,0.005454
65.235782,0.022965,0.022965
65.255787,0.019059,0.019059
65.275793,0.007907,0.007907
65.295799,0.017116,0.017116
65.315805,0.013683,0.013683
65.335810,0.012938,0.012938
65.355816,0.014824,0.014824
65.375822,0.018543,0.018543
65.395827,0.012650,0.012650
65.415833,0.026428,0.026428
65.435839,0.010144,0.010144
65.455845,0.016698,0.016698
65.475850,0.017164,0.017164
65.495856,0.026079,0.026079
65.515862,0.026218,0.026218
65.535867,0.030451,0.030451
65.555873,0.023076,0.023076
65.575879,0.030622,0.030622
65.595885,0.032869,0.032869
65.615890,0.033858,0.033858
65.635896,0.045840,0.045840
65.655902,0.042685,0.042685
65.675907,0.048527,0.048527
65.695913,0.050340,0.050340
65.715919,0.053548,0.053548
65.735925,0.054535,0.054535
65.755930,0.064726,0.064726
65.775936,0.058436,0.058436
65.795942,0.056983,0.056983
65.815947,0.065213,0.065213
65.835953,0.061900,0.061900
65.855959,0.068055,0.068055
65.875965,0.069047,0.069047
65.895970,0.061259,0.061259
65.915976,0.062688,0.062688
65.935982,0.049694,0.049694
65.955987,0.050337,0.050337
65.975993,0.053556,0.053556
65.995999,0.048855,0.048855
66.016005,0.032175,0.032175
66.036010,0.041211,0.041211
66.056016,0.027820,0.027820
66.076022,0.036325,0.036325
66.096027,0.018853,0.018853
66.116033,0.022941,0.022941
66.136039,0.031206,0.031206
66.156045,0.029878,0.029878
66.176050,0.014895,0.014895
66.196056,0.025902,0.025902
66.216062,0.019295,0.019295
66.236067,0.022737,0.022737
66.256073,0.019677,0.019677
66.276079,0.024310,0.024310
66.296085,0.027676,0.027676
66.316090,0.019902,0.019902
66.336096,0.021343,0.021343
66.356102,0.024514,0.024514
66.376107,0.027869,0.027869
66.396113,0.033848,0.033848
66.416119,0.036063,0.036063
66.436125,0.027914,0.027914
66.456130,0.034651,0.034651
66.476136,0.029677,0.029677
66.496142,0.032838,0.032838
66.516147,0.047331,0.047331
66.536153,0.042295,0.042295
66.556159,0.037671,0.037671
66.576165,0.048051,0.048051
66.596170,0.044119,0.044119
66.616176,0.041565,0.041565
66.636182,0.046470,0.046470
66.656187,0.044678,0.044678
66.676193,0.037879,0.037879
66.696199,0.032323,0.032323
66.716205,0.036622,0.036622
66.736210,0.033940,0.033940
66.756216,0.043429,0.043429
66.776222,0.026701,0.026701
66.796227,0.036802,0.036802
66.816233,0.035355,0.035355
66.836239,0.026078,0.026078
66.856245,0.013796,0.013796
66.876250,0.018924,0.018924
66.896256,0.025426,0.025426
66.916262,0.027742,0.027742
66.936268,0.011141,0.011141
66.956273,0.021252,0.021252
66.976279,0.012406,0.012406
66.996285,0.012251,0.012251
67.016290,0.019128,0.019128
67.036296,0.005541,0.005541
67.056302,0.013302,0.013302
67.076308,0.021780,0.021780
67.096313,0.003316,0.003316
67.116319,0.005042,0.005042
67.136325,0.003224,0.003224
67.156330,0.020883,0.020883
67.176336,0.009103,0.009103
67.196342,0.006375,0.006375
67.216348,0.015433,0.015433
67.236353,0.013941,0.013941
67.256359,0.005018,0.005018
67.276365,0.007191,0.007191
67.296370,0.003567,0.003567
67.316376,0.018785,0.018785
67.336382,0.006186,0.006186
67.356388,0.011916,0.011916
67.376393,0.007636,0.007636
67.396399,0.018530,0.018530
67.416405,0.005250,0.005250
67.436410,0.013150,0.013150
67.456416,0.011751,0.011751
67.476422,0.017163,0.017163
67.496428,0.001975,0.001975
67.516433,0.016110,0.016110
67.536439,0.001676,0.001676
67.556445,0.013206,0.013206
67.576450,0.011239,0.011239
67.596456,0.019078,0.019078
67.616462,0.012072,0.012072
67.636468,0.008065,0.008065
67.656473,0.004509,0.004509
67.676479,0.010897,0.010897
67.696485,0.005292,0.005292
67.716490,0.002130,0.002130
67.736496,0.005600,0.005600
67.756502,0.013326,0.013326
67.776508,0.001497,0.001497
67.796513,0.019700,0.019700
67.816519,0.018411,0.018411
67.836525,0.011093,0.011093
67.856530,0.006067,0.006067
67.876536,0.016247,0.016247
67.896542,0.012357,0.012357
67.916548,0.001606,0.001606
67.936553,0.009795,0.009795
67.956559,0.011506,0.011506
67.976565,0.003509,0.003509
67.996570,0.020855,0.020855
68.016576,0.013173,0.013173
68.036582,0.018358,0.018358
68.056588,0.007497,0.007497
68.076593,0.006730,0.006730
68.096599,0.008746,0.008746
68.116605,0.005229,0.005229
68.136610,0.020838,0.020838
68.156616,0.018434,0.018434
68.176622,0.017331,0.017331
68.196628,0.010009,0.010009
68.216633,0.020130,0.020130
68.236639,0.019622,0.019622
68.256645,0.007663,0.007663
68.276650,0.018040,0.018040
68.296656,0.018674,0.018674
68.316662,0.008027,0.008027
68.336668,0.020592,0.020592
68.356673,0.011671,0.011671
68.376679,0.020616,0.020616
68.396685,0.025349,0.025349
68.416690,0.016123,0.016123
68.436696,0.024367,0.024367
68.456702,0.020050,0.020050
68.476708,0.034190,0.034190
68.496713,0.034045,0.034045
68.516719,0.036367,0.036367
68.536725,0.028044,0.028044
68.556730,0.028502,0.028502
68.576736,0.032263,0.032263
68.596742,0.036190,0.036190
68.616748,0.056313,0.056313
68.636753,0.058421,0.058421
68.656759,0.060232,0.060232
68.676765,0.060075,0.060075
68.696771,0.065821,0.065821
68.716776,0.088527,0.088527
68.736782,0.078531,0.078531
68.756788,0.096236,0.096236
68.776793,0.097338,0.097338
68.796799,0.100664,0.100664
68.816805,0.098241,0.098241
68.836811,0.101277,0.101277
68.856816,0.104470,0.104470
68.876822,0.104149,0.104149
68.896828,0.116604,0.116604
68.916833,0.112139,0.112139
68.936839,0.119940,0.119940
68.956845,0.103402,0.103402
68.976851,0.110154,0.110154
68.996856,0.114409,0.114409
69.016862,0.111487,0.111487
69.036868,0.116648,0.116648
69.056873,0.107268,0.107268
69.076879,0.120083,0.120083
69.096885,0.113104,0.113104
69.116891,0.104164,0.104164
69.136896,0.104163,0.104163
69.156902,0.113704,0.113704
69.176908,0.101461,0.101461
69.196913,0.106027,0.106027
69.216919,0.091384,0.091384
69.236925,0.097944,0.097944
69.256931,0.090077,0.090077
69.276936,0.080723,0.080723
69.296942,0.077831,0.077831
69.316948,0.062342,0.062342
69.336953,0.075675,0.075675
69.356959,0.059492,0.059492
69.376965,0.064623,0.064623
69.396971,0.061266,0.061266
69.416976,0.049279,0.049279
69.436982,0.050279,0.050279
69.456988,0.046515,0.046515
69.476993,0.057779,0.057779
69.496999,0.055925,0.055925
69.517005,0.038668,0.038668
69.537011,0.037835,0.037835
69.557016,0.046612,0.046612
69.577022,0.032978,0.032978
69.597028,0.043513,0.043513
69.617033,0.043878,0.043878
69.637039,0.031255,0.031255
69.657045,0.040388,0.040388
69.677051,0.040513,0.040513
69.697056,0.043810,0.043810
69.717062,0.038734,0.038734
69.737068,0.032838,0.032838
69.757073,0.030242,0.030242
69.777079,0.029965,0.029965
69.797085,0.039745,0.039745
69.817091,0.033844,0.033844
69.837096,0.039057,0.039057
69.857102,0.034335,0.034335
69.877108,0.020901,0.020901
69.897113,0.021280,0.021280
69.917119,0.024220,0.024220
69.937125,0.031340,0.031340
69.957131,0.027122,0.027122
69.977136,0.015830,0.015830
69.997142,0.020481,0.020481
70.017148,0.014875,0.014875
70.037153,0.027987,0.027987
70.057159,0.020535,0.020535
70.077165,0.031268,0.031268
70.097171,0.024031,0.024031
70.117176,0.019733,0.019733
70.137182,0.022100,0.022100
70.157188,0.031492,0.031492
70.177193,0.023076,0.023076
70.197199,0.032672,0.032672
70.217205,0.021906,0.021906
70.237211,0.030921,0.030921
70.257216,0.030699,0.030699
70.277222,0.031267,0.031267
70.297228,0.041285,0.041285
70.317233,0.052768,0.052768
70.337239,0.058339,0.058339
70.357245,0.055467,0.055467
70.377251,0.048044,0.048044
70.397256,0.066679,0.066679
70.417262,0.060874,0.060874
70.437268,0.075201,0.075201
70.457274,0.073593,0.073593
70.477279,0.075669,0.075669
70.497285,0.073129,0.073129
70.517291,0.084168,0.084168
70.537296,0.087300,0.087300
70.557302,0.085747,0.085747
70.577308,0.075418,0.075418
70.597314,0.083110,0.083110
70.617319,0.071091,0.071091
70.637325,0.069465,0.069465
70.657331,0.069079,0.069079
70.677336,0.060496,0.060496
70.697342,0.048314,0.048314
70.717348,0.055163,0.055163
70.737354,0.052050,0.052050
70.757359,0.033779,0.033779
70.777365,0.031894,0.031894
70.797371,0.037724,0.037724
70.817376,0.036332,0.036332
70.837382,0.021145,0.021145
70.857388,0.021471,0.021471
70.877394,0.025467,0.025467
70.897399,0.029581,0.029581
70.917405,0.012231,0.012231
70.937411,0.026326,0.026326
70.957416,0.023558,0.023558
70.977422,0.009755,0.009755
70.997428,0.021593,0.021593
71.017434,0.015236,0.015236
71.037439,0.021802,0.021802
71.057445,0.012961,0.012961
71.077451,0.006081,0.006081
71.097456,0.014201,0.014201
71.117462,0.004940,0.004940
71.137468,0.018264,0.018264
71.157474,0.010135,0.010135
71.177479,0.019494,0.019494
71.197485,0.021734,0.021734
71.217491,0.019221,0.019221
71.237496,0.010000,0.010000
71.257502,0.006468,0.006468
71.277508,0.021574,0.021574
71.297514,0.015428,0.015428
71.317519,0.020834,0.020834
71.337525,0.016489,0.016489
71.357531,0.018461,0.018461
71.377536,0.011246,0.011246
71.397542,0.009994,0.009994
71.417548,0.020666,0.020666
71.437554,0.013234,0.013234
71.457559,0.020852,0.020852
71.477565,0.017657,0.017657
71.497571,0.021591,0.021591
71.517576,0.020080,0.020080
71.537582,0.020529,0.020529
71.557588,0.015712,0.015712
71.577594,0.025183,0.025183
71.597599,0.019096,0.019096
71.617605,0.030924,0.030924
71.637611,0.014435,0.014435
71.657616,0.016512,0.016512
71.677622,0.022926,0.022926
71.697628,0.031697,0.031697
71.717634,0.029828,0.029828
71.737639,0.016501,0.016501
71.757645,0.021811,0.021811
71.777651,0.020815,0.020815
71.797656,0.033491,0.033491
71.817662,0.026135,0.026135
71.837668,0.030115,0.030115
71.857674,0.020272,0.020272
71.877679,0.015414,0.015414
71.897685,0.026397,0.026397
71.917691,0.013858,0.013858
71.937696,0.019807,0.019807
71.957702,0.019369,0.019369
71.977708,0.020328,0.020328
71.997714,0.020499,0.020499
72.017719,0.008143,0.008143
72.037725,0.012588,0.012588
72.057731,0.020996,0.020996
72.077736,0.016173,0.016173
72.097742,0.021289,0.021289
72.117748,0.010780,0.010780
72.137754,0.001658,0.001658
72.157759,0.004218,0.004218
72.177765,0.012857,0.012857
72.197771,0.003641,0.003641
72.217777,0.010634,0.010634
72.237782,0.019801,0.019801
72.257788,0.000414,0.000414
72.277794,0.002118,0.002118
72.297799,0.014796,0.014796
72.317805,0.007028,0.007028
72.337811,0.012176,0.012176
72.357817,0.016573,0.016573
72.377822,0.011413,0.011413
72.397828,0.001367,0.001367
72.417834,0.000502,0.000502
72.437839,0.006964,0.006964
72.457845,0.004997,0.004997
72.477851,0.018934,0.018934
72.497857,0.017806,0.017806
72.517862,0.012353,0.012353
72.537868,0.009462,0.009462
72.557874,0.016893,0.016893
72.577879,0.009988,0.009988
72.597885,0.003637,0.003637
72.617891,0.007792,0.007792
72.637897,0.013347,0.013347
72.657902,0.007446,0.007446
72.677908,0.000996,0.000996
72.697914,0.017160,0.017160
72.717919,0.009965,0.009965
72.737925,0.008137,0.008137
72.757931,0.013063,0.013063
72.777937,0.011030,0.011030
72.797942,0.010857,0.010857
72.817948,0.003732,0.003732
72.837954,0.011749,0.011749
72.857959,0.018030,0.018030
72.877965,0.002234,0.002234
72.897971,0.003059,0.003059
72.917977,0.018245,0.018245
72.937982,0.019101,0.019101
72.957988,0.001247,0.001247
72.977994,0.018190,0.018190
72.997999,0.012418,0.012418
73.018005,0.013789,0.013789
73.038011,0.009316,0.009316
73.058017,0.007174,0.007174
73.078022,0.014054,0.014054
73.098028,0.005525,0.005525
73.118034,0.000979,0.000979
73.138039,0.006319,0.006319
73.158045,0.018034,0.018034
73.178051,0.001959,0.001959
73.198057,0.008183,0.008183
73.218062,0.014069,0.014069
73.238068,0.018541,0.018541
73.258074,0.017488,0.017488
73.278079,0.005893,0.005893
73.298085,0.014327,0.014327
73.318091,0.006110,0.006110
73.338097,0.016095,0.016095
73.358102,0.014569,0.014569
73.378108,0.016432,0.016432
73.398114,0.021505,0.021505
73.418119,0.018314,0.018314
73.438125,0.010442,0.010442
73.458131,0.010433,0.010433
73.478137,0.008801,0.008801
73.498142,0.022476,0.022476
73.518148,0.015608,0.015608
73.538154,0.025615,0.025615
73.558159,0.025031,0.025031
73.578165,0.014452,0.014452
73.598171,0.017047,0.017047
73.618177,0.011997,0.011997
73.638182,0.015556,0.015556
73.658188,0.019098,0.019098
73.678194,0.017116,0.017116
73.698199,0.020690,0.020690
73.718205,0.017669,0.017669
73.738211,0.016636,0.016636
73.758217,0.022323,0.022323
73.778222,0.018501,0.018501
73.798228,0.006259,0.006259
73.818234,0.019226,0.019226
73.838239,0.014450,0.014450
73.858245,0.012808,0.012808
73.878251,0.020110,0.020110
73.898257,0.021944,0.021944
73.918262,0.017730,0.017730
73.938268,0.016982,0.016982
73.958274,0.007362,0.007362
73.978280,0.010773,0.010773
73.998285,0.006847,0.006847
74.018291,0.019202,0.019202
74.038297,0.007125,0.007125
74.058302,0.016282,0.016282
74.078308,0.006892,0.006892
74.098314,0.018232,0.018232
74.118320,0.019993,0.019993
74.138325,0.016244,0.016244
74.158331,0.002163,0.002163
74.178337,0.003985,0.003985
74.198342,0.019996,0.019996
74.218348,0.015443,0.015443
74.238354,0.017042,0.017042
74.258360,0.019685,0.019685
74.278365,0.017481,0.017481
74.298371,0.015143,0.015143
74.318377,0.019796,0.019796
74.338382,0.020101,0.020101
74.358388,0.023308,0.023308
74.378394,0.006550,0.006550
74.398400,0.007700,0.007700
74.418405,0.017271,0.017271
74.438411,0.025411,0.025411
74.458417,0.026175,0.026175
74.478422,0.024770,0.024770
74.498428,0.021362,0.021362
74.518434,0.016994,0.016994
74.538440,0.015650,0.015650
74.558445,0.019668,0.019668
74.578451,0.018063,0.018063
74.598457,0.016376,0.016376
74.618462,0.007668,0.007668
74.638468,0.014379,0.014379
74.658474,0.016393,0.016393
74.678480,0.010305,0.010305
74.698485,0.018614,0.018614
74.718491,0.023743,0.023743
74.738497,0.011033,0.011033
74.758502,0.012399,0.012399
74.778508,0.009733,0.009733
74.798514,0.011532,0.011532
74.818520,0.009490,0.009490
74.838525,0.021340,0.021340
74.858531,0.015842,0.015842
74.878537,0.020241,0.020241
74.898542,0.013609,0.013609
74.918548,0.015477,0.015477
74.938554,0.008251,0.008251
74.958560,0.014560,0.014560
74.978565,0.002565,0.002565
74.998571,0.009366,0.009366
75.018577,0.009017,0.009017
75.038582,0.014939,0.014939
75.058588,0.019895,0.019895
75.078594,0.010030,0.010030
75.098600,0.010460,0.010460
75.118605,0.003496,0.003496
75.138611,0.013167,0.013167
75.158617,0.001295,0.001295
75.178622,0.015957,0.015957
75.198628,0.008142,0.008142
75.218634,0.014889,0.014889
75.238640,0.005982,0.005982
75.258645,0.011594,0.011594
75.278651,0.000590,0.000590
75.298657,0.016283,0.016283
75.318662,0.005025,0.005025
75.338668,0.001539,0.001539
75.358674,0.000739,0.000739
75.378680,0.002660,0.002660
75.398685,0.008727,0.008727
75.418691,0.016173,0.016173
75.438697,0.004481,0.004481
75.458702,0.003856,0.003856
75.478708,0.016618,0.016618
75.498714,0.006603,0.006603
75.518720,0.004969,0.004969
75.538725,0.007769,0.007769
75.558731,0.011695,0.011695
75.578737,0.012003,0.012003
75.598742,0.018293,0.018293
75.618748,0.008167,0.008167
75.638754,0.007694,0.007694
75.658760,0.002167,0.002167
75.678765,0.000000,0.000000
75.698771,0.002593,0.002593
75.718777,0.012836,0.012836
75.738783,0.011290,0.011290
75.758788,0.011930,0.011930
75.778794,0.018554,0.018554
75.798800,0.013860,0.013860
75.818805,0.009845,0.009845
75.838811,0.014845,0.014845
75.858817,0.004912,0.004912
75.878823,0.008475,0.008475
75.898828,0.004932,0.004932
75.918834,0.005285,0.005285
75.938840,0.018656,0.018656
75.958845,0.018676,0.018676
75.978851,0.007465,0.007465
75.998857,0.024418,0.024418
76.018863,0.020555,0.020555
76.038868,0.020099,0.020099
76.058874,0.026409,0.026409
76.078880,0.012272,0.012272
76.098885,0.022283,0.022283
76.118891,0.019498,0.019498
76.138897,0.026803,0.026803
76.158903,0.018669,0.018669
76.178908,0.022422,0.022422
76.198914,0.024735,0.024735
76.218920,0.014760,0.014760
76.238925,0.018962,0.018962
76.258931,0.023264,0.023264
76.278937,0.021598,0.021598
76.298943,0.023350,0.023350
76.318948,0.006881,0.006881
76.338954,0.011048,0.011048
76.358960,0.011196,0.011196
76.378965,0.006216,0.006216
76.398971,0.020462,0.020462
76.418977,0.014327,0.014327
76.438983,0.006358,0.006358
76.458988,0.004653,0.004653
76.478994,0.010085,0.010085
76.499000,0.020765,0.020765
76.519005,0.021508,0.021508
76.539011,0.021227,0.021227
76.559017,0.022246,0.022246
76.579023,0.014957,0.014957
76.599028,0.013411,0.013411
76.619034,0.007746,0.007746
76.639040,0.022294,0.022294
76.659045,0.019666,0.019666
76.679051,0.023712,0.023712
76.699057,0.024337,0.024337
76.719063,0.021287,0.021287
76.739068,0.013553,0.013553
76.759074,0.018412,0.018412
76.779080,0.005549,0.005549
76.799085,0.019145,0.019145
76.819091,0.011569,0.011569
76.839097,0.018815,0.018815
76.859103,0.012365,0.012365
76.879108,0.020323,0.020323
76.899114,0.009604,0.009604
76.919120,0.014093,0.014093
76.939125,0.010675,0.010675
76.959131,0.025597,0.025597
76.979137,0.030042,0.030042
76.999143,0.028052,0.028052
77.019148,0.014668,0.014668
77.039154,0.033010,0.033010
77.059160,0.031543,0.031543
77.079165,0.029471,0.029471
77.099171,0.026831,0.026831
77.119177,0.016838,0.016838
77.139183,0.032795,0.032795
77.159188,0.022592,0.022592
77.179194,0.033784,0.033784
77.199200,0.021424,0.021424
77.219205,0.026540,0.026540
77.239211,0.028226,0.028226
77.259217,0.020527,0.020527
77.279223,0.017423,0.017423
77.299228,0.025256,0.025256
77.319234,0.012858,0.012858
77.339240,0.022874,0.022874
77.359245,0.024035,0.024035
77.379251,0.010858,0.010858
77.399257,0.016294,0.016294
77.419263,0.015172,0.015172
77.439268,0.021482,0.021482
77.459274,0.012422,0.012422
77.479280,0.020249,0.020249
77.499286,0.019092,0.019092
77.519291,0.016624,0.016624
77.539297,0.023495,0.023495
77.559303,0.012786,0.012786
77.579308,0.023657,0.023657
77.599314,0.020483,0.020483
77.619320,0.017806,0.017806
77.639326,0.016593,0.016593
77.659331,0.012175,0.012175
77.679337,0.012223,0.012223
77.699343,0.017386,0.017386
77.719348,0.029024,0.029024
77.739354,0.023573,0.023573
77.759360,0.019190,0.019190
77.779366,0.027575,0.027575
77.799371,0.028172,0.028172
77.819377,0.022267,0.022267
77.839383,0.024218,0.024218
77.859388,0.024033,0.024033
77.879394,0.023052,0.023052
77.899400,0.023471,0.023471
77.919406,0.023099,0.023099
77.939411,0.020122,0.020122
77.959417,0.037159,0.037159
77.979423,0.023689,0.023689
77.999428,0.025604,0.025604
78.019434,0.037934,0.037934
78.039440,0.029190,0.029190
78.059446,0.038619,0.038619
78.079451,0.037183,0.037183
78.099457,0.032146,0.032146
78.119463,0.038404,0.038404
78.139468,0.052406,0.052406
78.159474,0.055778,0.055778
78.179480,0.058255,0.058255
78.199486,0.049067,0.049067
78.219491,0.057470,0.057470
78.239497,0.048490,0.048490
78.259503,0.057386,0.057386
78.279508,0.060997,0.060997
78.299514,0.073486,0.073486
78.319520,0.071524,0.071524
78.339526,0.077429,0.077429
78.359531,0.066984,0.066984
78.379537,0.073414,0.073414
78.399543,0.074391,0.074391
78.419548,0.079504,0.079504
78.439554,0.078648,0.078648
78.459560,0.075876,0.075876
78.479566,0.079338,0.079338
78.499571,0.069014,0.069014
78.519577,0.081358,0.081358
78.539583,0.069859,0.069859
78.559588,0.062078,0.062078
78.579594,0.059460,0.059460
78.599600,0.066885,0.066885
78.619606,0.050873,0.050873
78.639611,0.063103,0.063103
78.659617,0.061946,0.061946
78.679623,0.042030,0.042030
78.699628,0.045624,0.045624
78.719634,0.040634,0.040634
78.739640,0.047282,0.047282
78.759646,0.038351,0.038351
78.779651,0.040027,0.040027
78.799657,0.033977,0.033977
78.819663,0.045438,0.045438
78.839668,0.044616,0.044616
78.859674,0.043355,0.043355
78.879680,0.036316,0.036316
78.899686,0.042263,0.042263
78.919691,0.051142,0.051142
78.939697,0.045008,0.045008
78.959703,0.043045,0.043045
78.979708,0.040033,0.040033
78.999714,0.050549,0.050549
79.019720,0.052919,0.052919
79.039726,0.043523,0.043523
79.059731,0.053946,0.053946
79.079737,0.042104,0.042104
79.099743,0.053521,0.053521
79.119748,0.047819,0.047819
79.139754,0.042722,0.042722
79.159760,0.041737,0.041737
79.179766,0.046328,0.046328
79.199771,0.048255,0.048255
79.219777,0.043183,0.043183
79.239783,0.047639,0.047639
79.259789,0.050573,0.050573
79.279794,0.043821,0.043821
79.299800,0.048361,0.048361
79.319806,0.050517,0.050517
79.339811,0.034022,0.034022
79.359817,0.044996,0.044996
79.379823,0.044235,0.044235
79.399829,0.040731,0.040731
79.419834,0.038190,0.038190
79.439840,0.039138,0.039138
79.459846,0.050150,0.050150
79.479851,0.034972,0.034972
79.499857,0.032046,0.032046
79.519863,0.035003,0.035003
79.539869,0.041664,0.041664
79.559874,0.046574,0.046574
79.579880,0.042061,0.042061
79.599886,0.030803,0.030803
79.619891,0.030380,0.030380
79.639897,0.033884,0.033884
79.659903,0.041027,0.041027
79.679909,0.026463,0.026463
79.699914,0.038607,0.038607
79.719920,0.030155,0.030155
79.739926,0.028421,0.028421
79.759931,0.031157,0.031157
79.779937,0.023060,0.023060
79.799943,0.020391,0.020391
79.819949,0.022840,0.022840
79.839954,0.015954,0.015954
79.859960,0.009819,0.009819
79.879966,0.023780,0.023780
79.899971,0.011794,0.011794
79.919977,0.020823,0.020823
79.939983,0.012711,0.012711
79.959989,0.011677,0.011677
79.979994,0.022262,0.022262
80.000000,0.009671,0.009671
